1,vault_agent,Database connection timeout after 18231ms | Pool exhausted,staging,payment_service-0041,2026-06-05 05:03:37.270541,3
2,vault_agent,Successfully processed request in 154ms | Status 200,staging,payment_service-0041,2026-06-05 05:03:37.270925,1
3,vault_agent,Successfully processed request in 27ms | Status 200,staging,payment_service-0041,2026-06-05 05:03:37.270808,1
4,vault_agent,Health check passed | Uptime: 627h | Memory stable,staging,payment_service-0041,2026-06-05 05:03:37.270721,1
5,vault_agent,Database connection pool utilization at 86% | Threshold: 80%,staging,payment_service-0041,2026-06-05 05:03:37.271019,2
6,vault_agent,Database connection timeout after 23321ms | Pool exhausted,staging,payment_service-0041,2026-06-05 05:05:37.270471,3
7,vault_agent,Health check passed | Uptime: 444h | Memory stable,staging,payment_service-0041,2026-06-05 05:05:37.270613,1
8,vault_agent,Database connection timeout after 10505ms | Pool exhausted,staging,payment_service-0041,2026-06-05 05:05:37.270821,3
9,vault_agent,Health check passed | Uptime: 609h | Memory stable,staging,payment_service-0041,2026-06-05 05:05:37.270928,1
10,payment_container,Successfully processed request in 147ms | Status 200,production,payment_service-4401,2026-06-05 05:06:37.271340,1
11,payment_container,Successfully processed request in 11ms | Status 200,production,payment_service-4401,2026-06-05 05:06:37.270905,1
12,api_gateway_container,Database connection timeout after 26162ms | Pool exhausted,production,api_gateway-3301,2026-06-05 05:07:37.270484,3
13,api_gateway_container,Response time degradation detected: avg 3574ms over last 60s,production,api_gateway-3301,2026-06-05 05:07:37.270554,2
14,api_gateway_container,Response time degradation detected: avg 3460ms over last 60s,production,api_gateway-3301,2026-06-05 05:07:37.270557,2
15,api_gateway_container,Health check passed | Uptime: 165h | Memory stable,production,api_gateway-3301,2026-06-05 05:07:37.270423,1
16,api_gateway_container,Health check passed | Uptime: 140h | Memory stable,production,api_gateway-3301,2026-06-05 05:07:37.270470,1
17,vault_agent,Database connection pool utilization at 75% | Threshold: 80%,production,payment_service-4401,2026-06-05 05:08:37.271258,2
18,envoy_proxy,Health check passed | Uptime: 563h | Memory stable,staging,api_gateway-0021,2026-06-05 05:09:37.271264,1
19,api_gateway_container,Database connection pool utilization at 89% | Threshold: 80%,staging,api_gateway-0021,2026-06-05 05:11:37.271121,2
20,api_gateway_container,Health check passed | Uptime: 289h | Memory stable,staging,api_gateway-0021,2026-06-05 05:11:37.270583,1
21,envoy_proxy,Successfully processed request in 43ms | Status 200,production,api_gateway-3301,2026-06-05 05:12:37.270714,1
22,envoy_proxy,Database connection timeout after 11001ms | Pool exhausted,production,api_gateway-3301,2026-06-05 05:12:37.271395,3
23,envoy_proxy,Successfully processed request in 71ms | Status 200,production,api_gateway-3301,2026-06-05 05:12:37.271353,1
24,api_gateway_container,Database connection timeout after 13255ms | Pool exhausted,production,api_gateway-3301,2026-06-05 05:13:37.271017,3
25,api_gateway_container,Database connection timeout after 26459ms | Pool exhausted,production,api_gateway-3301,2026-06-05 05:13:37.271218,3
26,api_gateway_container,Response time degradation detected: avg 3381ms over last 60s,production,api_gateway-3301,2026-06-05 05:13:37.270674,2
27,api_gateway_container,Successfully processed request in 118ms | Status 200,production,api_gateway-3301,2026-06-05 05:13:37.271283,1
28,envoy_proxy,Successfully processed request in 112ms | Status 200,staging,api_gateway-0021,2026-06-05 05:14:37.271289,1
29,envoy_proxy,Response time degradation detected: avg 1275ms over last 60s,staging,api_gateway-0021,2026-06-05 05:14:37.270911,2
30,envoy_proxy,Database connection pool utilization at 75% | Threshold: 80%,staging,api_gateway-0021,2026-06-05 05:14:37.271145,2
31,envoy_proxy,Successfully processed request in 37ms | Status 200,staging,api_gateway-0021,2026-06-05 05:14:37.271279,1
32,api_gateway_container,Health check passed | Uptime: 417h | Memory stable,production,api_gateway-3301,2026-06-05 05:15:37.270494,1
33,payment_container,Health check passed | Uptime: 288h | Memory stable,production,payment_service-4401,2026-06-05 05:17:37.270744,1
34,payment_container,Successfully processed request in 127ms | Status 200,production,payment_service-4401,2026-06-05 05:18:37.271057,1
35,payment_container,Successfully processed request in 43ms | Status 200,production,payment_service-4401,2026-06-05 05:18:37.270963,1
36,payment_container,Health check passed | Uptime: 66h | Memory stable,production,payment_service-4401,2026-06-05 05:18:37.271420,1
37,payment_container,Health check passed | Uptime: 97h | Memory stable,production,payment_service-4401,2026-06-05 05:18:37.271119,1
38,payment_container,Database connection timeout after 8849ms | Pool exhausted,production,payment_service-4401,2026-06-05 05:18:37.271237,3
39,vault_agent,Health check passed | Uptime: 560h | Memory stable,staging,payment_service-0041,2026-06-05 05:19:37.270960,1
40,vault_agent,Downstream service payment_service returned HTTP 503 | Retry budget exceeded,staging,payment_service-0041,2026-06-05 05:19:37.270700,3
41,vault_agent,Downstream service payment_service returned HTTP 503 | Retry budget exceeded,staging,payment_service-0041,2026-06-05 05:19:37.271015,3
42,vault_agent,Health check passed | Uptime: 686h | Memory stable,staging,payment_service-0041,2026-06-05 05:19:37.271345,1
43,envoy_proxy,Database connection timeout after 16284ms | Pool exhausted,staging,api_gateway-0021,2026-06-05 05:20:37.271403,3
44,envoy_proxy,Successfully processed request in 10ms | Status 200,staging,api_gateway-0021,2026-06-05 05:20:37.270799,1
45,envoy_proxy,Successfully processed request in 164ms | Status 200,staging,api_gateway-0021,2026-06-05 05:20:37.270940,1
46,payment_container,Health check passed | Uptime: 313h | Memory stable,production,payment_service-4401,2026-06-05 05:22:37.270920,1
47,envoy_proxy,Successfully processed request in 177ms | Status 200,staging,api_gateway-0021,2026-06-05 05:23:37.270743,1
48,envoy_proxy,Response time degradation detected: avg 3546ms over last 60s,staging,api_gateway-0021,2026-06-05 05:23:37.271366,2
49,envoy_proxy,Database connection timeout after 7997ms | Pool exhausted,staging,api_gateway-0021,2026-06-05 05:23:37.270961,3
50,envoy_proxy,Database connection timeout after 18740ms | Pool exhausted,staging,api_gateway-0021,2026-06-05 05:23:37.270974,3
51,envoy_proxy,Response time degradation detected: avg 2531ms over last 60s,staging,api_gateway-0021,2026-06-05 05:24:37.270839,2
52,envoy_proxy,Health check passed | Uptime: 574h | Memory stable,staging,api_gateway-0021,2026-06-05 05:24:37.270914,1
53,envoy_proxy,Database connection pool utilization at 88% | Threshold: 80%,staging,api_gateway-0021,2026-06-05 05:24:37.271123,2
54,envoy_proxy,Successfully processed request in 67ms | Status 200,staging,api_gateway-0021,2026-06-05 05:26:37.270880,1
55,envoy_proxy,Successfully processed request in 59ms | Status 200,staging,api_gateway-0021,2026-06-05 05:26:37.271072,1
56,envoy_proxy,Health check passed | Uptime: 19h | Memory stable,staging,api_gateway-0021,2026-06-05 05:27:37.271338,1
57,envoy_proxy,Successfully processed request in 194ms | Status 200,staging,api_gateway-0021,2026-06-05 05:27:37.270856,1
58,envoy_proxy,Database connection pool utilization at 80% | Threshold: 80%,staging,api_gateway-0021,2026-06-05 05:27:37.270721,2
59,envoy_proxy,Response time degradation detected: avg 3595ms over last 60s,staging,api_gateway-0021,2026-06-05 05:27:37.270609,2
60,envoy_proxy,Response time degradation detected: avg 764ms over last 60s,staging,api_gateway-0021,2026-06-05 05:27:37.270875,2
61,vault_agent,Database connection timeout after 23080ms | Pool exhausted,production,payment_service-4401,2026-06-05 05:28:37.271374,3
62,vault_agent,Database connection timeout after 4698ms | Pool exhausted,production,payment_service-4401,2026-06-05 05:28:37.270671,3
63,api_gateway_container,Database connection pool utilization at 75% | Threshold: 80%,production,api_gateway-3301,2026-06-05 05:29:37.270500,2
64,api_gateway_container,Downstream service payment_service returned HTTP 503 | Retry budget exceeded,production,api_gateway-3301,2026-06-05 05:29:37.271349,3
65,api_gateway_container,Health check passed | Uptime: 647h | Memory stable,production,api_gateway-3301,2026-06-05 05:29:37.271164,1
66,api_gateway_container,Successfully processed request in 127ms | Status 200,production,api_gateway-3301,2026-06-05 05:29:37.270490,1
67,api_gateway_container,Successfully processed request in 112ms | Status 200,production,api_gateway-3301,2026-06-05 05:29:37.270643,1
68,payment_container,Successfully processed request in 93ms | Status 200,staging,payment_service-0041,2026-06-05 05:31:37.271126,1
69,payment_container,Successfully processed request in 147ms | Status 200,staging,payment_service-0041,2026-06-05 05:31:37.270890,1
70,envoy_proxy,Health check passed | Uptime: 458h | Memory stable,production,api_gateway-3301,2026-06-05 05:32:37.271164,1
71,envoy_proxy,Response time degradation detected: avg 3283ms over last 60s,production,api_gateway-3301,2026-06-05 05:32:37.271158,2
72,payment_container,Database connection pool utilization at 80% | Threshold: 80%,staging,payment_service-0041,2026-06-05 05:34:37.270442,2
73,vault_agent,Database connection timeout after 29683ms | Pool exhausted,staging,payment_service-0041,2026-06-05 05:35:37.271230,3
74,vault_agent,Successfully processed request in 95ms | Status 200,staging,payment_service-0041,2026-06-05 05:35:37.270648,1
75,vault_agent,Successfully processed request in 166ms | Status 200,staging,payment_service-0041,2026-06-05 05:35:37.271162,1
76,envoy_proxy,Health check passed | Uptime: 456h | Memory stable,staging,api_gateway-0021,2026-06-05 05:36:37.271248,1
77,envoy_proxy,Downstream service payment_service returned HTTP 503 | Retry budget exceeded,staging,api_gateway-0021,2026-06-05 05:36:37.271142,3
78,envoy_proxy,Successfully processed request in 34ms | Status 200,staging,api_gateway-0021,2026-06-05 05:36:37.271361,1
79,envoy_proxy,Health check passed | Uptime: 710h | Memory stable,production,api_gateway-3301,2026-06-05 05:37:37.270964,1
80,envoy_proxy,Response time degradation detected: avg 2292ms over last 60s,production,api_gateway-3301,2026-06-05 05:37:37.271287,2
81,envoy_proxy,Health check passed | Uptime: 698h | Memory stable,production,api_gateway-3301,2026-06-05 05:37:37.270642,1
82,envoy_proxy,Database connection pool utilization at 84% | Threshold: 80%,production,api_gateway-3301,2026-06-05 05:37:37.270835,2
83,envoy_proxy,Health check passed | Uptime: 178h | Memory stable,production,api_gateway-3301,2026-06-05 05:37:37.271014,1
84,payment_container,Database connection timeout after 6716ms | Pool exhausted,staging,payment_service-0041,2026-06-05 05:38:37.270604,3
85,payment_container,Successfully processed request in 133ms | Status 200,staging,payment_service-0041,2026-06-05 05:38:37.270475,1
86,payment_container,Response time degradation detected: avg 3065ms over last 60s,staging,payment_service-0041,2026-06-05 05:38:37.270538,2
87,vault_agent,Database connection timeout after 16619ms | Pool exhausted,production,payment_service-4401,2026-06-05 05:39:37.271095,3
88,api_gateway_container,Response time degradation detected: avg 4734ms over last 60s,staging,api_gateway-0021,2026-06-05 05:40:37.271388,2
89,api_gateway_container,Database connection timeout after 7837ms | Pool exhausted,staging,api_gateway-0021,2026-06-05 05:40:37.270592,3
90,api_gateway_container,Downstream service payment_service returned HTTP 503 | Retry budget exceeded,staging,api_gateway-0021,2026-06-05 05:40:37.271419,3
91,api_gateway_container,Health check passed | Uptime: 9h | Memory stable,staging,api_gateway-0021,2026-06-05 05:40:37.271128,1
92,api_gateway_container,Database connection timeout after 16600ms | Pool exhausted,staging,api_gateway-0021,2026-06-05 05:40:37.271295,3
93,api_gateway_container,Health check passed | Uptime: 262h | Memory stable,production,api_gateway-3301,2026-06-05 05:41:37.271074,1
94,api_gateway_container,Successfully processed request in 189ms | Status 200,production,api_gateway-3301,2026-06-05 05:41:37.271262,1
95,api_gateway_container,Database connection timeout after 14726ms | Pool exhausted,production,api_gateway-3301,2026-06-05 05:41:37.271013,3
96,api_gateway_container,Downstream service payment_service returned HTTP 503 | Retry budget exceeded,staging,api_gateway-0021,2026-06-05 05:42:37.270884,3
97,vault_agent,Response time degradation detected: avg 3515ms over last 60s,staging,payment_service-0041,2026-06-05 05:44:37.270954,2
98,api_gateway_container,Database connection pool utilization at 92% | Threshold: 80%,production,api_gateway-3301,2026-06-05 05:45:37.271141,2
99,api_gateway_container,Health check passed | Uptime: 58h | Memory stable,production,api_gateway-3301,2026-06-05 05:45:37.271100,1
100,api_gateway_container,Downstream service payment_service returned HTTP 503 | Retry budget exceeded,production,api_gateway-3301,2026-06-05 05:45:37.270914,3
101,api_gateway_container,Health check passed | Uptime: 56h | Memory stable,production,api_gateway-3301,2026-06-05 05:45:37.270843,1
102,api_gateway_container,Response time degradation detected: avg 826ms over last 60s,production,api_gateway-3301,2026-06-05 05:45:37.270540,2
103,payment_container,Database connection timeout after 9504ms | Pool exhausted,staging,payment_service-0041,2026-06-05 05:48:37.271410,3
104,payment_container,Response time degradation detected: avg 4314ms over last 60s,staging,payment_service-0041,2026-06-05 05:48:37.271025,2
105,payment_container,Successfully processed request in 42ms | Status 200,staging,payment_service-0041,2026-06-05 05:48:37.270568,1
106,payment_container,Health check passed | Uptime: 252h | Memory stable,staging,payment_service-0041,2026-06-05 05:48:37.270485,1
107,envoy_proxy,Database connection pool utilization at 83% | Threshold: 80%,production,api_gateway-3301,2026-06-05 05:50:37.271141,2
108,envoy_proxy,Successfully processed request in 59ms | Status 200,production,api_gateway-3301,2026-06-05 05:50:37.270710,1
109,payment_container,Health check passed | Uptime: 602h | Memory stable,production,payment_service-4401,2026-06-05 05:51:37.271007,1
110,envoy_proxy,Successfully processed request in 106ms | Status 200,staging,api_gateway-0021,2026-06-05 05:54:37.270967,1
111,envoy_proxy,Health check passed | Uptime: 40h | Memory stable,staging,api_gateway-0021,2026-06-05 05:54:37.270658,1
112,envoy_proxy,Successfully processed request in 179ms | Status 200,production,api_gateway-3301,2026-06-05 05:56:37.270955,1
113,envoy_proxy,Health check passed | Uptime: 93h | Memory stable,production,api_gateway-3301,2026-06-05 05:56:37.270635,1
114,envoy_proxy,Successfully processed request in 145ms | Status 200,staging,api_gateway-0021,2026-06-05 05:57:37.271307,1
115,envoy_proxy,Successfully processed request in 10ms | Status 200,staging,api_gateway-0021,2026-06-05 05:57:37.271388,1
116,envoy_proxy,Successfully processed request in 58ms | Status 200,staging,api_gateway-0021,2026-06-05 05:57:37.271103,1
117,envoy_proxy,Successfully processed request in 132ms | Status 200,staging,api_gateway-0021,2026-06-05 05:57:37.271182,1
118,envoy_proxy,Database connection timeout after 17784ms | Pool exhausted,staging,api_gateway-0021,2026-06-05 05:57:37.270650,3
119,envoy_proxy,Database connection timeout after 23813ms | Pool exhausted,production,api_gateway-3301,2026-06-05 05:58:37.271043,3
120,envoy_proxy,Database connection timeout after 25322ms | Pool exhausted,production,api_gateway-3301,2026-06-05 05:58:37.270453,3
121,api_gateway_container,Database connection timeout after 6600ms | Pool exhausted,staging,api_gateway-0021,2026-06-05 05:59:37.271403,3
122,api_gateway_container,Health check passed | Uptime: 602h | Memory stable,staging,api_gateway-0021,2026-06-05 05:59:37.270682,1
123,api_gateway_container,Response time degradation detected: avg 2622ms over last 60s,staging,api_gateway-0021,2026-06-05 05:59:37.270980,2
124,api_gateway_container,Downstream service payment_service returned HTTP 503 | Retry budget exceeded,staging,api_gateway-0021,2026-06-05 05:59:37.271324,3
125,api_gateway_container,Response time degradation detected: avg 1300ms over last 60s,staging,api_gateway-0021,2026-06-05 05:59:37.271370,2
126,vault_agent,Downstream service payment_service returned HTTP 503 | Retry budget exceeded,staging,payment_service-0041,2026-06-05 06:00:37.271196,3
127,vault_agent,Database connection timeout after 10114ms | Pool exhausted,staging,payment_service-0041,2026-06-05 06:00:37.271033,3
128,vault_agent,Health check passed | Uptime: 21h | Memory stable,staging,payment_service-0041,2026-06-05 06:00:37.270447,1
129,envoy_proxy,Database connection timeout after 16463ms | Pool exhausted,staging,api_gateway-0021,2026-06-05 06:01:37.271036,3
130,envoy_proxy,Database connection pool utilization at 87% | Threshold: 80%,staging,api_gateway-0021,2026-06-05 06:01:37.271267,2
131,envoy_proxy,Database connection timeout after 16984ms | Pool exhausted,staging,api_gateway-0021,2026-06-05 06:01:37.271111,3
132,envoy_proxy,Successfully processed request in 20ms | Status 200,staging,api_gateway-0021,2026-06-05 06:01:37.271220,1
133,api_gateway_container,Database connection timeout after 24640ms | Pool exhausted,staging,api_gateway-0021,2026-06-05 06:02:37.270730,3
134,api_gateway_container,Health check passed | Uptime: 278h | Memory stable,staging,api_gateway-0021,2026-06-05 06:02:37.271411,1
135,api_gateway_container,Database connection timeout after 25965ms | Pool exhausted,staging,api_gateway-0021,2026-06-05 06:02:37.270801,3
136,payment_container,Response time degradation detected: avg 2287ms over last 60s,staging,payment_service-0041,2026-06-05 06:04:37.271142,2
137,payment_container,Successfully processed request in 28ms | Status 200,staging,payment_service-0041,2026-06-05 06:04:37.270789,1
138,payment_container,Successfully processed request in 189ms | Status 200,staging,payment_service-0041,2026-06-05 06:04:37.271315,1
139,api_gateway_container,Successfully processed request in 115ms | Status 200,staging,api_gateway-0021,2026-06-05 06:05:37.270498,1
140,envoy_proxy,Database connection timeout after 8212ms | Pool exhausted,production,api_gateway-3301,2026-06-05 06:06:37.271052,3
141,envoy_proxy,Health check passed | Uptime: 374h | Memory stable,production,api_gateway-3301,2026-06-05 06:06:37.270912,1
142,api_gateway_container,Response time degradation detected: avg 4716ms over last 60s,staging,api_gateway-0021,2026-06-05 06:07:37.270875,2
143,api_gateway_container,Successfully processed request in 165ms | Status 200,staging,api_gateway-0021,2026-06-05 06:07:37.270572,1
144,api_gateway_container,Downstream service payment_service returned HTTP 503 | Retry budget exceeded,staging,api_gateway-0021,2026-06-05 06:08:37.271028,3
145,api_gateway_container,Health check passed | Uptime: 638h | Memory stable,staging,api_gateway-0021,2026-06-05 06:08:37.270698,1
146,api_gateway_container,Health check passed | Uptime: 180h | Memory stable,staging,api_gateway-0021,2026-06-05 06:08:37.270744,1
147,api_gateway_container,Health check passed | Uptime: 338h | Memory stable,staging,api_gateway-0021,2026-06-05 06:08:37.271172,1
148,envoy_proxy,Response time degradation detected: avg 627ms over last 60s,staging,api_gateway-0021,2026-06-05 06:09:37.271124,2
149,envoy_proxy,Database connection timeout after 19122ms | Pool exhausted,staging,api_gateway-0021,2026-06-05 06:09:37.271093,3
150,vault_agent,Database connection pool utilization at 86% | Threshold: 80%,production,payment_service-4401,2026-06-05 06:10:37.271236,2
151,vault_agent,Health check passed | Uptime: 448h | Memory stable,production,payment_service-4401,2026-06-05 06:10:37.270770,1
152,envoy_proxy,Successfully processed request in 164ms | Status 200,staging,api_gateway-0021,2026-06-05 06:11:37.271346,1
153,envoy_proxy,Downstream service payment_service returned HTTP 503 | Retry budget exceeded,staging,api_gateway-0021,2026-06-05 06:11:37.270979,3
154,envoy_proxy,Successfully processed request in 87ms | Status 200,production,api_gateway-3301,2026-06-05 06:12:37.270467,1
155,envoy_proxy,Database connection timeout after 3360ms | Pool exhausted,production,api_gateway-3301,2026-06-05 06:12:37.271053,3
156,envoy_proxy,Database connection timeout after 24867ms | Pool exhausted,production,api_gateway-3301,2026-06-05 06:12:37.271314,3
157,envoy_proxy,Successfully processed request in 188ms | Status 200,production,api_gateway-3301,2026-06-05 06:12:37.271106,1
158,envoy_proxy,Downstream service payment_service returned HTTP 503 | Retry budget exceeded,production,api_gateway-3301,2026-06-05 06:12:37.270900,3
159,vault_agent,Database connection timeout after 7120ms | Pool exhausted,production,payment_service-4401,2026-06-05 06:13:37.271083,3
160,payment_container,Health check passed | Uptime: 421h | Memory stable,production,payment_service-4401,2026-06-05 06:14:37.271361,1
161,payment_container,Health check passed | Uptime: 266h | Memory stable,production,payment_service-4401,2026-06-05 06:14:37.271360,1
162,envoy_proxy,Database connection pool utilization at 85% | Threshold: 80%,production,api_gateway-3301,2026-06-05 06:15:37.271257,2
163,envoy_proxy,Downstream service payment_service returned HTTP 503 | Retry budget exceeded,production,api_gateway-3301,2026-06-05 06:15:37.270639,3
164,envoy_proxy,Downstream service payment_service returned HTTP 503 | Retry budget exceeded,production,api_gateway-3301,2026-06-05 06:15:37.271077,3
165,envoy_proxy,Downstream service payment_service returned HTTP 503 | Retry budget exceeded,production,api_gateway-3301,2026-06-05 06:15:37.271283,3
166,vault_agent,Database connection timeout after 29368ms | Pool exhausted,production,payment_service-4401,2026-06-05 06:16:37.270797,3
167,vault_agent,Response time degradation detected: avg 1762ms over last 60s,production,payment_service-4401,2026-06-05 06:16:37.271070,2
168,vault_agent,Health check passed | Uptime: 657h | Memory stable,production,payment_service-4401,2026-06-05 06:16:37.271313,1
169,vault_agent,Response time degradation detected: avg 1925ms over last 60s,production,payment_service-4401,2026-06-05 06:16:37.270481,2
170,vault_agent,Downstream service payment_service returned HTTP 503 | Retry budget exceeded,production,payment_service-4401,2026-06-05 06:18:37.271108,3
171,vault_agent,Database connection timeout after 13351ms | Pool exhausted,production,payment_service-4401,2026-06-05 06:18:37.270481,3
172,vault_agent,Response time degradation detected: avg 726ms over last 60s,production,payment_service-4401,2026-06-05 06:18:37.271079,2
173,api_gateway_container,Successfully processed request in 179ms | Status 200,staging,api_gateway-0021,2026-06-05 06:19:37.270820,1
174,api_gateway_container,Response time degradation detected: avg 1388ms over last 60s,staging,api_gateway-0021,2026-06-05 06:19:37.271130,2
175,api_gateway_container,Database connection timeout after 14737ms | Pool exhausted,staging,api_gateway-0021,2026-06-05 06:19:37.270485,3
176,payment_container,Downstream service payment_service returned HTTP 503 | Retry budget exceeded,production,payment_service-4401,2026-06-05 06:20:37.270791,3
177,payment_container,Health check passed | Uptime: 57h | Memory stable,production,payment_service-4401,2026-06-05 06:20:37.270888,1
178,payment_container,Database connection pool utilization at 91% | Threshold: 80%,production,payment_service-4401,2026-06-05 06:20:37.270556,2
179,api_gateway_container,Response time degradation detected: avg 1685ms over last 60s,staging,api_gateway-0021,2026-06-05 06:21:37.271221,2
180,api_gateway_container,Response time degradation detected: avg 2810ms over last 60s,staging,api_gateway-0021,2026-06-05 06:21:37.270436,2
181,api_gateway_container,Health check passed | Uptime: 458h | Memory stable,staging,api_gateway-0021,2026-06-05 06:21:37.270752,1
182,api_gateway_container,Database connection pool utilization at 86% | Threshold: 80%,staging,api_gateway-0021,2026-06-05 06:22:37.271256,2
183,api_gateway_container,Successfully processed request in 87ms | Status 200,staging,api_gateway-0021,2026-06-05 06:22:37.270995,1
184,api_gateway_container,Health check passed | Uptime: 407h | Memory stable,staging,api_gateway-0021,2026-06-05 06:22:37.270576,1
185,api_gateway_container,Successfully processed request in 177ms | Status 200,staging,api_gateway-0021,2026-06-05 06:22:37.271189,1
186,api_gateway_container,Successfully processed request in 62ms | Status 200,staging,api_gateway-0021,2026-06-05 06:22:37.270651,1
187,vault_agent,Downstream service payment_service returned HTTP 503 | Retry budget exceeded,staging,payment_service-0041,2026-06-05 06:23:37.270955,3
188,vault_agent,Successfully processed request in 95ms | Status 200,staging,payment_service-0041,2026-06-05 06:23:37.270474,1
189,vault_agent,Health check passed | Uptime: 626h | Memory stable,staging,payment_service-0041,2026-06-05 06:23:37.270650,1
190,vault_agent,Response time degradation detected: avg 2299ms over last 60s,staging,payment_service-0041,2026-06-05 06:23:37.270675,2
191,vault_agent,Database connection pool utilization at 78% | Threshold: 80%,staging,payment_service-0041,2026-06-05 06:23:37.271185,2
192,envoy_proxy,Health check passed | Uptime: 397h | Memory stable,production,api_gateway-3301,2026-06-05 06:24:37.270495,1
193,envoy_proxy,Successfully processed request in 100ms | Status 200,production,api_gateway-3301,2026-06-05 06:24:37.271343,1
194,envoy_proxy,Database connection pool utilization at 79% | Threshold: 80%,production,api_gateway-3301,2026-06-05 06:24:37.270620,2
195,envoy_proxy,Response time degradation detected: avg 3002ms over last 60s,production,api_gateway-3301,2026-06-05 06:24:37.270729,2
196,api_gateway_container,Database connection pool utilization at 88% | Threshold: 80%,staging,api_gateway-0021,2026-06-05 06:25:37.270860,2
197,api_gateway_container,Database connection timeout after 7844ms | Pool exhausted,staging,api_gateway-0021,2026-06-05 06:25:37.271050,3
198,api_gateway_container,Health check passed | Uptime: 617h | Memory stable,staging,api_gateway-0021,2026-06-05 06:25:37.270994,1
199,api_gateway_container,Successfully processed request in 22ms | Status 200,staging,api_gateway-0021,2026-06-05 06:25:37.271062,1
200,api_gateway_container,Health check passed | Uptime: 18h | Memory stable,staging,api_gateway-0021,2026-06-05 06:26:37.271178,1
201,payment_container,Health check passed | Uptime: 291h | Memory stable,production,payment_service-4401,2026-06-05 06:27:37.270583,1
202,payment_container,Database connection timeout after 19135ms | Pool exhausted,production,payment_service-4401,2026-06-05 06:27:37.271377,3
203,payment_container,Successfully processed request in 137ms | Status 200,production,payment_service-4401,2026-06-05 06:27:37.271362,1
204,payment_container,Successfully processed request in 162ms | Status 200,production,payment_service-4401,2026-06-05 06:27:37.271098,1
205,payment_container,Successfully processed request in 28ms | Status 200,production,payment_service-4401,2026-06-05 06:28:37.271139,1
206,vault_agent,Successfully processed request in 88ms | Status 200,staging,payment_service-0041,2026-06-05 06:29:37.271114,1
207,vault_agent,Health check passed | Uptime: 501h | Memory stable,staging,payment_service-0041,2026-06-05 06:29:37.270909,1
208,payment_container,Database connection pool utilization at 85% | Threshold: 80%,staging,payment_service-0041,2026-06-05 06:31:37.271227,2
209,payment_container,Health check passed | Uptime: 584h | Memory stable,staging,payment_service-0041,2026-06-05 06:31:37.270583,1
210,payment_container,Health check passed | Uptime: 707h | Memory stable,staging,payment_service-0041,2026-06-05 06:31:37.270905,1
211,vault_agent,Health check passed | Uptime: 669h | Memory stable,production,payment_service-4401,2026-06-05 06:32:37.270810,1
212,vault_agent,Database connection timeout after 7431ms | Pool exhausted,production,payment_service-4401,2026-06-05 06:32:37.270742,3
213,vault_agent,Downstream service payment_service returned HTTP 503 | Retry budget exceeded,production,payment_service-4401,2026-06-05 06:32:37.270844,3
214,api_gateway_container,Database connection timeout after 25226ms | Pool exhausted,staging,api_gateway-0021,2026-06-05 06:33:37.270928,3
215,api_gateway_container,Downstream service payment_service returned HTTP 503 | Retry budget exceeded,staging,api_gateway-0021,2026-06-05 06:33:37.271010,3
216,api_gateway_container,Database connection timeout after 19592ms | Pool exhausted,staging,api_gateway-0021,2026-06-05 06:33:37.270708,3
217,api_gateway_container,Response time degradation detected: avg 4426ms over last 60s,staging,api_gateway-0021,2026-06-05 06:33:37.271046,2
218,api_gateway_container,Health check passed | Uptime: 653h | Memory stable,staging,api_gateway-0021,2026-06-05 06:33:37.271187,1
219,payment_container,Response time degradation detected: avg 3898ms over last 60s,staging,payment_service-0041,2026-06-05 06:34:37.270805,2
220,payment_container,Database connection pool utilization at 77% | Threshold: 80%,staging,payment_service-0041,2026-06-05 06:34:37.270708,2
221,payment_container,Downstream service payment_service returned HTTP 503 | Retry budget exceeded,staging,payment_service-0041,2026-06-05 06:34:37.270718,3
222,envoy_proxy,Health check passed | Uptime: 572h | Memory stable,staging,api_gateway-0021,2026-06-05 06:35:37.270584,1
223,envoy_proxy,Response time degradation detected: avg 3788ms over last 60s,staging,api_gateway-0021,2026-06-05 06:35:37.270686,2
224,envoy_proxy,Successfully processed request in 30ms | Status 200,staging,api_gateway-0021,2026-06-05 06:35:37.271017,1
225,envoy_proxy,Health check passed | Uptime: 528h | Memory stable,staging,api_gateway-0021,2026-06-05 06:35:37.270963,1
226,envoy_proxy,Health check passed | Uptime: 432h | Memory stable,staging,api_gateway-0021,2026-06-05 06:35:37.271297,1
227,vault_agent,Successfully processed request in 36ms | Status 200,production,payment_service-4401,2026-06-05 06:36:37.270557,1
228,vault_agent,Health check passed | Uptime: 461h | Memory stable,production,payment_service-4401,2026-06-05 06:36:37.270806,1
229,vault_agent,Database connection timeout after 14096ms | Pool exhausted,production,payment_service-4401,2026-06-05 06:36:37.271175,3
230,vault_agent,Database connection pool utilization at 75% | Threshold: 80%,production,payment_service-4401,2026-06-05 06:36:37.270441,2
231,api_gateway_container,Database connection timeout after 20055ms | Pool exhausted,production,api_gateway-3301,2026-06-05 06:38:37.271282,3
232,payment_container,Successfully processed request in 135ms | Status 200,staging,payment_service-0041,2026-06-05 06:39:37.271280,1
233,payment_container,Health check passed | Uptime: 583h | Memory stable,staging,payment_service-0041,2026-06-05 06:39:37.271317,1
234,payment_container,Database connection timeout after 24138ms | Pool exhausted,staging,payment_service-0041,2026-06-05 06:39:37.270739,3
235,payment_container,Health check passed | Uptime: 514h | Memory stable,staging,payment_service-0041,2026-06-05 06:39:37.271298,1
236,payment_container,Database connection pool utilization at 81% | Threshold: 80%,production,payment_service-4401,2026-06-05 06:40:37.270445,2
237,payment_container,Database connection pool utilization at 82% | Threshold: 80%,production,payment_service-4401,2026-06-05 06:40:37.270903,2
238,envoy_proxy,Database connection pool utilization at 77% | Threshold: 80%,staging,api_gateway-0021,2026-06-05 06:42:37.271268,2
239,envoy_proxy,Response time degradation detected: avg 4311ms over last 60s,staging,api_gateway-0021,2026-06-05 06:42:37.271213,2
240,envoy_proxy,Database connection pool utilization at 84% | Threshold: 80%,staging,api_gateway-0021,2026-06-05 06:42:37.270871,2
241,envoy_proxy,Database connection pool utilization at 87% | Threshold: 80%,staging,api_gateway-0021,2026-06-05 06:42:37.270544,2
242,envoy_proxy,Response time degradation detected: avg 2099ms over last 60s,staging,api_gateway-0021,2026-06-05 06:42:37.270448,2
243,envoy_proxy,Successfully processed request in 1ms | Status 200,production,api_gateway-3301,2026-06-05 06:43:37.271135,1
244,payment_container,Successfully processed request in 98ms | Status 200,production,payment_service-4401,2026-06-05 06:44:37.270477,1
245,payment_container,Response time degradation detected: avg 1069ms over last 60s,production,payment_service-4401,2026-06-05 06:44:37.270560,2
246,payment_container,Database connection timeout after 29531ms | Pool exhausted,production,payment_service-4401,2026-06-05 06:44:37.270936,3
247,payment_container,Health check passed | Uptime: 524h | Memory stable,production,payment_service-4401,2026-06-05 06:44:37.270455,1
248,vault_agent,Response time degradation detected: avg 616ms over last 60s,staging,payment_service-0041,2026-06-05 06:45:37.271140,2
249,envoy_proxy,Database connection pool utilization at 77% | Threshold: 80%,production,api_gateway-3301,2026-06-05 06:46:37.271322,2
250,envoy_proxy,Successfully processed request in 11ms | Status 200,production,api_gateway-3301,2026-06-05 06:46:37.271072,1
251,envoy_proxy,Downstream service payment_service returned HTTP 503 | Retry budget exceeded,production,api_gateway-3301,2026-06-05 06:46:37.271103,3
252,envoy_proxy,Response time degradation detected: avg 1820ms over last 60s,production,api_gateway-3301,2026-06-05 06:46:37.270750,2
253,envoy_proxy,Health check passed | Uptime: 62h | Memory stable,production,api_gateway-3301,2026-06-05 06:46:37.270873,1
254,api_gateway_container,Database connection timeout after 11689ms | Pool exhausted,production,api_gateway-3301,2026-06-05 06:47:37.271078,3
255,api_gateway_container,Database connection timeout after 18710ms | Pool exhausted,production,api_gateway-3301,2026-06-05 06:47:37.270903,3
256,vault_agent,Health check passed | Uptime: 227h | Memory stable,staging,payment_service-0041,2026-06-05 06:48:37.271206,1
257,vault_agent,Response time degradation detected: avg 4337ms over last 60s,staging,payment_service-0041,2026-06-05 06:48:37.270922,2
258,vault_agent,Successfully processed request in 31ms | Status 200,staging,payment_service-0041,2026-06-05 06:48:37.271249,1
259,vault_agent,Database connection pool utilization at 90% | Threshold: 80%,staging,payment_service-0041,2026-06-05 06:48:37.271400,2
260,vault_agent,Health check passed | Uptime: 196h | Memory stable,staging,payment_service-0041,2026-06-05 06:48:37.270806,1
261,api_gateway_container,Database connection pool utilization at 93% | Threshold: 80%,staging,api_gateway-0021,2026-06-05 06:50:37.270781,2
262,api_gateway_container,Successfully processed request in 196ms | Status 200,staging,api_gateway-0021,2026-06-05 06:50:37.271359,1
263,api_gateway_container,Database connection pool utilization at 80% | Threshold: 80%,staging,api_gateway-0021,2026-06-05 06:51:37.271196,2
264,api_gateway_container,Successfully processed request in 103ms | Status 200,staging,api_gateway-0021,2026-06-05 06:51:37.270770,1
265,api_gateway_container,Health check passed | Uptime: 88h | Memory stable,staging,api_gateway-0021,2026-06-05 06:51:37.270526,1
266,api_gateway_container,Successfully processed request in 34ms | Status 200,staging,api_gateway-0021,2026-06-05 06:51:37.270737,1
267,api_gateway_container,Database connection timeout after 16959ms | Pool exhausted,production,api_gateway-3301,2026-06-05 06:52:37.270594,3
268,api_gateway_container,Database connection pool utilization at 77% | Threshold: 80%,production,api_gateway-3301,2026-06-05 06:52:37.270471,2
269,vault_agent,Response time degradation detected: avg 4289ms over last 60s,production,payment_service-4401,2026-06-05 06:53:37.270547,2
270,envoy_proxy,Response time degradation detected: avg 1771ms over last 60s,production,api_gateway-3301,2026-06-05 06:54:37.270717,2
271,envoy_proxy,Successfully processed request in 0ms | Status 200,production,api_gateway-3301,2026-06-05 06:54:37.271286,1
272,envoy_proxy,Successfully processed request in 123ms | Status 200,production,api_gateway-3301,2026-06-05 06:54:37.271402,1
273,payment_container,Successfully processed request in 173ms | Status 200,staging,payment_service-0041,2026-06-05 06:56:37.271157,1
274,payment_container,Successfully processed request in 38ms | Status 200,staging,payment_service-0041,2026-06-05 06:57:37.270835,1
275,vault_agent,Downstream service payment_service returned HTTP 503 | Retry budget exceeded,staging,payment_service-0041,2026-06-05 06:58:37.270731,3
276,vault_agent,Health check passed | Uptime: 285h | Memory stable,production,payment_service-4401,2026-06-05 07:01:37.271202,1
277,vault_agent,Health check passed | Uptime: 641h | Memory stable,production,payment_service-4401,2026-06-05 07:01:37.270599,1
278,api_gateway_container,Successfully processed request in 111ms | Status 200,staging,api_gateway-0021,2026-06-05 07:02:37.270863,1
279,api_gateway_container,Successfully processed request in 190ms | Status 200,staging,api_gateway-0021,2026-06-05 07:02:37.270431,1
280,api_gateway_container,Health check passed | Uptime: 14h | Memory stable,staging,api_gateway-0021,2026-06-05 07:02:37.270991,1
281,vault_agent,Database connection pool utilization at 79% | Threshold: 80%,staging,payment_service-0041,2026-06-05 07:03:37.271215,2
282,vault_agent,Response time degradation detected: avg 3375ms over last 60s,staging,payment_service-0041,2026-06-05 07:03:37.271225,2
283,api_gateway_container,Database connection pool utilization at 89% | Threshold: 80%,production,api_gateway-3301,2026-06-05 07:04:07.142276,2
284,api_gateway_container,Health check passed | Uptime: 354h | Memory stable,production,api_gateway-3301,2026-06-05 07:04:07.142045,1
285,api_gateway_container,Database connection timeout after 21082ms | Pool exhausted,production,api_gateway-3301,2026-06-05 07:04:07.142603,3
286,api_gateway_container,Database connection timeout after 19924ms | Pool exhausted,production,api_gateway-3301,2026-06-05 07:04:07.141843,3
287,envoy_proxy,Database connection pool utilization at 82% | Threshold: 80%,production,api_gateway-3301,2026-06-05 05:05:26.859184,2
288,payment_container,Downstream service payment_service returned HTTP 503 | Retry budget exceeded,production,payment_service-4401,2026-06-05 05:06:26.859077,3
289,payment_container,Successfully processed request in 95ms | Status 200,production,payment_service-4401,2026-06-05 05:06:26.859023,1
290,payment_container,Response time degradation detected: avg 3006ms over last 60s,production,payment_service-4401,2026-06-05 05:06:26.858807,2
291,payment_container,Database connection pool utilization at 81% | Threshold: 80%,staging,payment_service-0041,2026-06-05 05:08:26.859210,2
292,vault_agent,Response time degradation detected: avg 2714ms over last 60s,staging,payment_service-0041,2026-06-05 05:09:26.858433,2
293,vault_agent,Health check passed | Uptime: 419h | Memory stable,staging,payment_service-0041,2026-06-05 05:09:26.859070,1
294,vault_agent,Health check passed | Uptime: 77h | Memory stable,staging,payment_service-0041,2026-06-05 05:09:26.859134,1
295,payment_container,Database connection timeout after 29479ms | Pool exhausted,staging,payment_service-0041,2026-06-05 05:10:26.858270,3
296,payment_container,Health check passed | Uptime: 432h | Memory stable,staging,payment_service-0041,2026-06-05 05:10:26.859215,1
297,payment_container,Downstream service payment_service returned HTTP 503 | Retry budget exceeded,staging,payment_service-0041,2026-06-05 05:10:26.858691,3
298,payment_container,Successfully processed request in 105ms | Status 200,staging,payment_service-0041,2026-06-05 05:10:26.858510,1
299,payment_container,Successfully processed request in 11ms | Status 200,staging,payment_service-0041,2026-06-05 05:10:26.859161,1
300,payment_container,Successfully processed request in 54ms | Status 200,production,payment_service-4401,2026-06-05 05:11:26.858513,1
301,api_gateway_container,Successfully processed request in 14ms | Status 200,production,api_gateway-3301,2026-06-05 05:12:26.859103,1
302,api_gateway_container,Successfully processed request in 60ms | Status 200,production,api_gateway-3301,2026-06-05 05:12:26.859107,1
303,api_gateway_container,Database connection timeout after 5476ms | Pool exhausted,production,api_gateway-3301,2026-06-05 05:12:26.859030,3
304,payment_container,Successfully processed request in 144ms | Status 200,production,payment_service-4401,2026-06-05 05:14:26.858861,1
305,payment_container,Successfully processed request in 80ms | Status 200,production,payment_service-4401,2026-06-05 05:14:26.859101,1
306,vault_agent,Successfully processed request in 34ms | Status 200,staging,payment_service-0041,2026-06-05 05:15:26.858627,1
307,vault_agent,Downstream service payment_service returned HTTP 503 | Retry budget exceeded,staging,payment_service-0041,2026-06-05 05:15:26.858505,3
308,vault_agent,Database connection timeout after 12018ms | Pool exhausted,staging,payment_service-0041,2026-06-05 05:15:26.858355,3
309,vault_agent,Successfully processed request in 90ms | Status 200,staging,payment_service-0041,2026-06-05 05:15:26.858557,1
310,vault_agent,Health check passed | Uptime: 248h | Memory stable,production,payment_service-4401,2026-06-05 05:16:26.858495,1
311,vault_agent,Database connection timeout after 5821ms | Pool exhausted,production,payment_service-4401,2026-06-05 05:16:26.859020,3
312,vault_agent,Successfully processed request in 126ms | Status 200,production,payment_service-4401,2026-06-05 05:16:26.858346,1
313,vault_agent,Database connection timeout after 12964ms | Pool exhausted,production,payment_service-4401,2026-06-05 05:16:26.858945,3
314,vault_agent,Database connection timeout after 27764ms | Pool exhausted,production,payment_service-4401,2026-06-05 05:16:26.858736,3
315,envoy_proxy,Response time degradation detected: avg 1147ms over last 60s,production,api_gateway-3301,2026-06-05 05:17:26.858925,2
316,envoy_proxy,Response time degradation detected: avg 3973ms over last 60s,production,api_gateway-3301,2026-06-05 05:17:26.858630,2
317,envoy_proxy,Successfully processed request in 90ms | Status 200,production,api_gateway-3301,2026-06-05 05:17:26.858982,1
318,envoy_proxy,Database connection pool utilization at 90% | Threshold: 80%,production,api_gateway-3301,2026-06-05 05:17:26.858511,2
319,envoy_proxy,Successfully processed request in 125ms | Status 200,production,api_gateway-3301,2026-06-05 05:17:26.858676,1
320,api_gateway_container,Database connection pool utilization at 85% | Threshold: 80%,production,api_gateway-3301,2026-06-05 05:18:26.858330,2
321,api_gateway_container,Database connection pool utilization at 88% | Threshold: 80%,production,api_gateway-3301,2026-06-05 05:18:26.858746,2
322,api_gateway_container,Successfully processed request in 154ms | Status 200,production,api_gateway-3301,2026-06-05 05:18:26.858781,1
323,api_gateway_container,Downstream service payment_service returned HTTP 503 | Retry budget exceeded,production,api_gateway-3301,2026-06-05 05:18:26.858864,3
324,api_gateway_container,Health check passed | Uptime: 614h | Memory stable,production,api_gateway-3301,2026-06-05 05:18:26.858701,1
325,payment_container,Response time degradation detected: avg 862ms over last 60s,staging,payment_service-0041,2026-06-05 05:19:26.858726,2
326,payment_container,Database connection timeout after 17081ms | Pool exhausted,staging,payment_service-0041,2026-06-05 05:19:26.859238,3
327,vault_agent,Database connection timeout after 23218ms | Pool exhausted,production,payment_service-4401,2026-06-05 05:20:26.858516,3
328,vault_agent,Database connection timeout after 29731ms | Pool exhausted,production,payment_service-4401,2026-06-05 05:20:26.858713,3
329,vault_agent,Response time degradation detected: avg 2058ms over last 60s,production,payment_service-4401,2026-06-05 05:20:26.858856,2
330,vault_agent,Health check passed | Uptime: 158h | Memory stable,production,payment_service-4401,2026-06-05 05:20:26.858356,1
331,vault_agent,Health check passed | Uptime: 578h | Memory stable,staging,payment_service-0041,2026-06-05 05:21:26.859072,1
332,vault_agent,Response time degradation detected: avg 2116ms over last 60s,staging,payment_service-0041,2026-06-05 05:21:26.858520,2
333,vault_agent,Successfully processed request in 160ms | Status 200,staging,payment_service-0041,2026-06-05 05:21:26.858292,1
334,vault_agent,Database connection pool utilization at 87% | Threshold: 80%,staging,payment_service-0041,2026-06-05 05:21:26.859182,2
335,vault_agent,Health check passed | Uptime: 218h | Memory stable,staging,payment_service-0041,2026-06-05 05:21:26.858349,1
336,api_gateway_container,Successfully processed request in 133ms | Status 200,production,api_gateway-3301,2026-06-05 05:22:26.858558,1
337,vault_agent,Database connection pool utilization at 82% | Threshold: 80%,staging,payment_service-0041,2026-06-05 05:23:26.858284,2
338,vault_agent,Database connection timeout after 14773ms | Pool exhausted,staging,payment_service-0041,2026-06-05 05:23:26.858650,3
339,vault_agent,Database connection pool utilization at 94% | Threshold: 80%,staging,payment_service-0041,2026-06-05 05:23:26.858390,2
340,envoy_proxy,Downstream service payment_service returned HTTP 503 | Retry budget exceeded,staging,api_gateway-0021,2026-06-05 05:24:26.859007,3
341,envoy_proxy,Downstream service payment_service returned HTTP 503 | Retry budget exceeded,staging,api_gateway-0021,2026-06-05 05:24:26.858835,3
342,envoy_proxy,Database connection pool utilization at 76% | Threshold: 80%,staging,api_gateway-0021,2026-06-05 05:24:26.858713,2
343,envoy_proxy,Health check passed | Uptime: 507h | Memory stable,staging,api_gateway-0021,2026-06-05 05:24:26.858727,1
344,envoy_proxy,Successfully processed request in 100ms | Status 200,staging,api_gateway-0021,2026-06-05 05:24:26.859087,1
345,envoy_proxy,Database connection pool utilization at 81% | Threshold: 80%,staging,api_gateway-0021,2026-06-05 05:25:26.859005,2
346,payment_container,Successfully processed request in 132ms | Status 200,production,payment_service-4401,2026-06-05 05:26:26.858869,1
347,api_gateway_container,Health check passed | Uptime: 578h | Memory stable,production,api_gateway-3301,2026-06-05 05:27:26.858942,1
348,api_gateway_container,Successfully processed request in 48ms | Status 200,production,api_gateway-3301,2026-06-05 05:27:26.858913,1
349,api_gateway_container,Response time degradation detected: avg 978ms over last 60s,production,api_gateway-3301,2026-06-05 05:27:26.859087,2
350,envoy_proxy,Database connection timeout after 17781ms | Pool exhausted,production,api_gateway-3301,2026-06-05 05:28:26.858811,3
351,envoy_proxy,Successfully processed request in 81ms | Status 200,production,api_gateway-3301,2026-06-05 05:28:26.858748,1
352,envoy_proxy,Database connection timeout after 13868ms | Pool exhausted,production,api_gateway-3301,2026-06-05 05:28:26.858515,3
353,payment_container,Database connection timeout after 27030ms | Pool exhausted,production,payment_service-4401,2026-06-05 05:30:26.858771,3
354,payment_container,Downstream service payment_service returned HTTP 503 | Retry budget exceeded,production,payment_service-4401,2026-06-05 05:30:26.858394,3
355,payment_container,Downstream service payment_service returned HTTP 503 | Retry budget exceeded,production,payment_service-4401,2026-06-05 05:30:26.858847,3
356,payment_container,Successfully processed request in 91ms | Status 200,production,payment_service-4401,2026-06-05 05:30:26.858319,1
357,payment_container,Successfully processed request in 186ms | Status 200,production,payment_service-4401,2026-06-05 05:30:26.858463,1
358,vault_agent,Health check passed | Uptime: 516h | Memory stable,production,payment_service-4401,2026-06-05 05:32:26.859044,1
359,vault_agent,Successfully processed request in 21ms | Status 200,production,payment_service-4401,2026-06-05 05:32:26.858454,1
360,vault_agent,Database connection timeout after 11308ms | Pool exhausted,production,payment_service-4401,2026-06-05 05:32:26.858400,3
361,vault_agent,Successfully processed request in 12ms | Status 200,production,payment_service-4401,2026-06-05 05:32:26.858356,1
362,vault_agent,Response time degradation detected: avg 1182ms over last 60s,production,payment_service-4401,2026-06-05 05:32:26.859184,2
363,vault_agent,Database connection timeout after 15813ms | Pool exhausted,staging,payment_service-0041,2026-06-05 05:33:26.858479,3
364,vault_agent,Successfully processed request in 136ms | Status 200,staging,payment_service-0041,2026-06-05 05:33:26.859188,1
365,vault_agent,Database connection pool utilization at 83% | Threshold: 80%,staging,payment_service-0041,2026-06-05 05:33:26.858438,2
366,vault_agent,Health check passed | Uptime: 559h | Memory stable,staging,payment_service-0041,2026-06-05 05:35:26.858344,1
367,vault_agent,Successfully processed request in 82ms | Status 200,staging,payment_service-0041,2026-06-05 05:35:26.858954,1
368,payment_container,Database connection pool utilization at 87% | Threshold: 80%,staging,payment_service-0041,2026-06-05 05:36:26.858247,2
369,payment_container,Downstream service payment_service returned HTTP 503 | Retry budget exceeded,staging,payment_service-0041,2026-06-05 05:36:26.858292,3
370,payment_container,Database connection timeout after 5685ms | Pool exhausted,staging,payment_service-0041,2026-06-05 05:36:26.858922,3
371,payment_container,Successfully processed request in 149ms | Status 200,staging,payment_service-0041,2026-06-05 05:36:26.859022,1
372,payment_container,Health check passed | Uptime: 125h | Memory stable,staging,payment_service-0041,2026-06-05 05:36:26.858909,1
373,vault_agent,Health check passed | Uptime: 45h | Memory stable,production,payment_service-4401,2026-06-05 05:38:26.858863,1
374,envoy_proxy,Database connection timeout after 25662ms | Pool exhausted,production,api_gateway-3301,2026-06-05 05:39:26.858417,3
375,envoy_proxy,Successfully processed request in 57ms | Status 200,production,api_gateway-3301,2026-06-05 05:39:26.858495,1
376,envoy_proxy,Database connection pool utilization at 75% | Threshold: 80%,production,api_gateway-3301,2026-06-05 05:39:26.858833,2
377,payment_container,Successfully processed request in 20ms | Status 200,staging,payment_service-0041,2026-06-05 05:40:26.858630,1
378,payment_container,Response time degradation detected: avg 951ms over last 60s,staging,payment_service-0041,2026-06-05 05:40:26.858579,2
379,payment_container,Health check passed | Uptime: 318h | Memory stable,staging,payment_service-0041,2026-06-05 05:40:26.858691,1
380,payment_container,Successfully processed request in 160ms | Status 200,staging,payment_service-0041,2026-06-05 05:40:26.859009,1
381,api_gateway_container,Successfully processed request in 69ms | Status 200,staging,api_gateway-0021,2026-06-05 05:41:26.858665,1
382,payment_container,Downstream service payment_service returned HTTP 503 | Retry budget exceeded,staging,payment_service-0041,2026-06-05 05:42:26.858605,3
383,payment_container,Successfully processed request in 7ms | Status 200,staging,payment_service-0041,2026-06-05 05:42:26.858900,1
384,envoy_proxy,Database connection pool utilization at 83% | Threshold: 80%,production,api_gateway-3301,2026-06-05 05:43:26.858948,2
385,envoy_proxy,Downstream service payment_service returned HTTP 503 | Retry budget exceeded,production,api_gateway-3301,2026-06-05 05:43:26.858738,3
386,envoy_proxy,Database connection pool utilization at 92% | Threshold: 80%,production,api_gateway-3301,2026-06-05 05:43:26.858599,2
387,envoy_proxy,Database connection pool utilization at 85% | Threshold: 80%,production,api_gateway-3301,2026-06-05 05:43:26.858770,2
388,envoy_proxy,Health check passed | Uptime: 631h | Memory stable,production,api_gateway-3301,2026-06-05 05:43:26.859168,1
389,api_gateway_container,Downstream service payment_service returned HTTP 503 | Retry budget exceeded,production,api_gateway-3301,2026-06-05 05:44:26.858942,3
390,vault_agent,Successfully processed request in 85ms | Status 200,staging,payment_service-0041,2026-06-05 05:45:26.858453,1
391,vault_agent,Successfully processed request in 25ms | Status 200,staging,payment_service-0041,2026-06-05 05:45:26.858605,1
392,vault_agent,Health check passed | Uptime: 557h | Memory stable,staging,payment_service-0041,2026-06-05 05:45:26.858402,1
393,vault_agent,Successfully processed request in 186ms | Status 200,staging,payment_service-0041,2026-06-05 05:45:26.858399,1
394,vault_agent,Health check passed | Uptime: 604h | Memory stable,staging,payment_service-0041,2026-06-05 05:45:26.858704,1
395,vault_agent,Response time degradation detected: avg 3120ms over last 60s,production,payment_service-4401,2026-06-05 05:46:26.858940,2
396,vault_agent,Health check passed | Uptime: 164h | Memory stable,production,payment_service-4401,2026-06-05 05:46:26.859059,1
397,api_gateway_container,Database connection timeout after 4609ms | Pool exhausted,staging,api_gateway-0021,2026-06-05 05:47:26.859005,3
398,api_gateway_container,Response time degradation detected: avg 3644ms over last 60s,staging,api_gateway-0021,2026-06-05 05:47:26.859001,2
399,api_gateway_container,Successfully processed request in 86ms | Status 200,staging,api_gateway-0021,2026-06-05 05:47:26.858874,1
400,api_gateway_container,Database connection pool utilization at 83% | Threshold: 80%,staging,api_gateway-0021,2026-06-05 05:47:26.858971,2
401,payment_container,Database connection pool utilization at 88% | Threshold: 80%,production,payment_service-4401,2026-06-05 05:48:26.858806,2
402,payment_container,Successfully processed request in 72ms | Status 200,production,payment_service-4401,2026-06-05 05:48:26.858917,1
403,payment_container,Downstream service payment_service returned HTTP 503 | Retry budget exceeded,staging,payment_service-0041,2026-06-05 05:51:26.859037,3
404,payment_container,Successfully processed request in 195ms | Status 200,staging,payment_service-0041,2026-06-05 05:51:26.859053,1
405,envoy_proxy,Health check passed | Uptime: 706h | Memory stable,staging,api_gateway-0021,2026-06-05 05:52:26.858522,1
406,envoy_proxy,Successfully processed request in 3ms | Status 200,staging,api_gateway-0021,2026-06-05 05:52:26.858688,1
407,envoy_proxy,Successfully processed request in 30ms | Status 200,staging,api_gateway-0021,2026-06-05 05:52:26.859190,1
408,envoy_proxy,Database connection pool utilization at 77% | Threshold: 80%,staging,api_gateway-0021,2026-06-05 05:52:26.858834,2
409,api_gateway_container,Downstream service payment_service returned HTTP 503 | Retry budget exceeded,staging,api_gateway-0021,2026-06-05 05:53:26.858789,3
410,api_gateway_container,Database connection timeout after 19891ms | Pool exhausted,staging,api_gateway-0021,2026-06-05 05:53:26.858777,3
411,payment_container,Response time degradation detected: avg 1610ms over last 60s,production,payment_service-4401,2026-06-05 05:55:26.858338,2
412,payment_container,Database connection pool utilization at 93% | Threshold: 80%,production,payment_service-4401,2026-06-05 05:55:26.858449,2
413,api_gateway_container,Health check passed | Uptime: 493h | Memory stable,production,api_gateway-3301,2026-06-05 05:57:26.858656,1
414,api_gateway_container,Database connection timeout after 9314ms | Pool exhausted,production,api_gateway-3301,2026-06-05 05:57:26.858932,3
415,api_gateway_container,Downstream service payment_service returned HTTP 503 | Retry budget exceeded,production,api_gateway-3301,2026-06-05 05:57:26.859173,3
416,api_gateway_container,Successfully processed request in 45ms | Status 200,production,api_gateway-3301,2026-06-05 05:58:26.858723,1
417,api_gateway_container,Database connection timeout after 16158ms | Pool exhausted,production,api_gateway-3301,2026-06-05 05:58:26.859032,3
418,api_gateway_container,Health check passed | Uptime: 63h | Memory stable,production,api_gateway-3301,2026-06-05 05:58:26.858807,1
419,api_gateway_container,Downstream service payment_service returned HTTP 503 | Retry budget exceeded,production,api_gateway-3301,2026-06-05 05:58:26.859035,3
420,envoy_proxy,Database connection timeout after 26800ms | Pool exhausted,staging,api_gateway-0021,2026-06-05 05:59:26.858936,3
421,envoy_proxy,Successfully processed request in 77ms | Status 200,staging,api_gateway-0021,2026-06-05 05:59:26.858874,1
422,envoy_proxy,Health check passed | Uptime: 264h | Memory stable,staging,api_gateway-0021,2026-06-05 06:00:26.858308,1
423,vault_agent,Successfully processed request in 6ms | Status 200,production,payment_service-4401,2026-06-05 06:01:26.858410,1
424,api_gateway_container,Database connection timeout after 4237ms | Pool exhausted,production,api_gateway-3301,2026-06-05 06:02:26.858582,3
425,api_gateway_container,Downstream service payment_service returned HTTP 503 | Retry budget exceeded,production,api_gateway-3301,2026-06-05 06:02:26.858501,3
426,api_gateway_container,Response time degradation detected: avg 2610ms over last 60s,production,api_gateway-3301,2026-06-05 06:02:26.858260,2
427,api_gateway_container,Database connection pool utilization at 94% | Threshold: 80%,production,api_gateway-3301,2026-06-05 06:02:26.859166,2
428,api_gateway_container,Downstream service payment_service returned HTTP 503 | Retry budget exceeded,production,api_gateway-3301,2026-06-05 06:02:26.858372,3
429,vault_agent,Successfully processed request in 78ms | Status 200,production,payment_service-4401,2026-06-05 06:03:26.859031,1
430,vault_agent,Database connection timeout after 12031ms | Pool exhausted,production,payment_service-4401,2026-06-05 06:03:26.859071,3
431,vault_agent,Successfully processed request in 152ms | Status 200,production,payment_service-4401,2026-06-05 06:03:26.858630,1
432,vault_agent,Downstream service payment_service returned HTTP 503 | Retry budget exceeded,production,payment_service-4401,2026-06-05 06:03:26.858364,3
433,envoy_proxy,Database connection timeout after 15923ms | Pool exhausted,staging,api_gateway-0021,2026-06-05 06:04:26.858866,3
434,envoy_proxy,Downstream service payment_service returned HTTP 503 | Retry budget exceeded,staging,api_gateway-0021,2026-06-05 06:04:26.859047,3
435,envoy_proxy,Successfully processed request in 177ms | Status 200,staging,api_gateway-0021,2026-06-05 06:04:26.858701,1
436,envoy_proxy,Health check passed | Uptime: 196h | Memory stable,staging,api_gateway-0021,2026-06-05 06:04:26.858931,1
437,envoy_proxy,Database connection pool utilization at 83% | Threshold: 80%,staging,api_gateway-0021,2026-06-05 06:04:26.859054,2
438,api_gateway_container,Health check passed | Uptime: 605h | Memory stable,production,api_gateway-3301,2026-06-05 06:05:26.858430,1
439,api_gateway_container,Successfully processed request in 93ms | Status 200,production,api_gateway-3301,2026-06-05 06:05:26.858549,1
440,api_gateway_container,Downstream service payment_service returned HTTP 503 | Retry budget exceeded,production,api_gateway-3301,2026-06-05 06:05:26.858602,3
441,api_gateway_container,Database connection timeout after 7050ms | Pool exhausted,production,api_gateway-3301,2026-06-05 06:05:26.858454,3
442,api_gateway_container,Database connection pool utilization at 78% | Threshold: 80%,production,api_gateway-3301,2026-06-05 06:05:26.858446,2
443,envoy_proxy,Successfully processed request in 40ms | Status 200,production,api_gateway-3301,2026-06-05 06:06:26.858334,1
444,envoy_proxy,Downstream service payment_service returned HTTP 503 | Retry budget exceeded,production,api_gateway-3301,2026-06-05 06:06:26.859127,3
445,envoy_proxy,Database connection pool utilization at 86% | Threshold: 80%,production,api_gateway-3301,2026-06-05 06:06:26.858635,2
446,envoy_proxy,Response time degradation detected: avg 1283ms over last 60s,production,api_gateway-3301,2026-06-05 06:06:26.858974,2
447,payment_container,Successfully processed request in 116ms | Status 200,staging,payment_service-0041,2026-06-05 06:07:26.858905,1
448,envoy_proxy,Health check passed | Uptime: 135h | Memory stable,production,api_gateway-3301,2026-06-05 06:08:26.859085,1
449,envoy_proxy,Health check passed | Uptime: 538h | Memory stable,production,api_gateway-3301,2026-06-05 06:08:26.858476,1
450,payment_container,Health check passed | Uptime: 625h | Memory stable,production,payment_service-4401,2026-06-05 06:09:26.859000,1
451,envoy_proxy,Successfully processed request in 123ms | Status 200,production,api_gateway-3301,2026-06-05 06:10:26.858592,1
452,api_gateway_container,Health check passed | Uptime: 176h | Memory stable,staging,api_gateway-0021,2026-06-05 06:11:26.859113,1
453,api_gateway_container,Response time degradation detected: avg 2158ms over last 60s,staging,api_gateway-0021,2026-06-05 06:11:26.858936,2
454,api_gateway_container,Database connection timeout after 5644ms | Pool exhausted,staging,api_gateway-0021,2026-06-05 06:11:26.858303,3
455,api_gateway_container,Database connection timeout after 29099ms | Pool exhausted,staging,api_gateway-0021,2026-06-05 06:11:26.858809,3
456,envoy_proxy,Successfully processed request in 118ms | Status 200,production,api_gateway-3301,2026-06-05 06:12:26.859221,1
457,envoy_proxy,Database connection pool utilization at 80% | Threshold: 80%,production,api_gateway-3301,2026-06-05 06:12:26.859086,2
458,envoy_proxy,Response time degradation detected: avg 3148ms over last 60s,production,api_gateway-3301,2026-06-05 06:12:26.858656,2
459,envoy_proxy,Successfully processed request in 187ms | Status 200,production,api_gateway-3301,2026-06-05 06:12:26.858724,1
460,envoy_proxy,Response time degradation detected: avg 2289ms over last 60s,production,api_gateway-3301,2026-06-05 06:12:26.858775,2
461,vault_agent,Database connection pool utilization at 80% | Threshold: 80%,production,payment_service-4401,2026-06-05 06:13:26.858792,2
462,vault_agent,Downstream service payment_service returned HTTP 503 | Retry budget exceeded,production,payment_service-4401,2026-06-05 06:13:26.858512,3
463,vault_agent,Successfully processed request in 94ms | Status 200,production,payment_service-4401,2026-06-05 06:13:26.858820,1
464,vault_agent,Downstream service payment_service returned HTTP 503 | Retry budget exceeded,production,payment_service-4401,2026-06-05 06:13:26.858282,3
465,vault_agent,Successfully processed request in 28ms | Status 200,production,payment_service-4401,2026-06-05 06:13:26.858638,1
466,payment_container,Health check passed | Uptime: 432h | Memory stable,staging,payment_service-0041,2026-06-05 06:14:26.859022,1
467,payment_container,Downstream service payment_service returned HTTP 503 | Retry budget exceeded,staging,payment_service-0041,2026-06-05 06:14:26.859112,3
468,payment_container,Downstream service payment_service returned HTTP 503 | Retry budget exceeded,staging,payment_service-0041,2026-06-05 06:14:26.858586,3
469,payment_container,Successfully processed request in 162ms | Status 200,staging,payment_service-0041,2026-06-05 06:14:26.858404,1
470,vault_agent,Downstream service payment_service returned HTTP 503 | Retry budget exceeded,staging,payment_service-0041,2026-06-05 06:15:26.858929,3
471,vault_agent,Database connection timeout after 13727ms | Pool exhausted,staging,payment_service-0041,2026-06-05 06:15:26.859185,3
472,envoy_proxy,Successfully processed request in 29ms | Status 200,staging,api_gateway-0021,2026-06-05 06:16:26.858467,1
473,api_gateway_container,Successfully processed request in 142ms | Status 200,staging,api_gateway-0021,2026-06-05 06:17:26.859023,1
474,api_gateway_container,Successfully processed request in 64ms | Status 200,staging,api_gateway-0021,2026-06-05 06:17:26.858640,1
475,api_gateway_container,Response time degradation detected: avg 1230ms over last 60s,staging,api_gateway-0021,2026-06-05 06:17:26.858589,2
476,api_gateway_container,Database connection pool utilization at 86% | Threshold: 80%,production,api_gateway-3301,2026-06-05 06:18:26.859075,2
477,payment_container,Successfully processed request in 176ms | Status 200,staging,payment_service-0041,2026-06-05 06:19:26.858312,1
478,vault_agent,Successfully processed request in 152ms | Status 200,staging,payment_service-0041,2026-06-05 06:20:26.859141,1
479,vault_agent,Successfully processed request in 49ms | Status 200,staging,payment_service-0041,2026-06-05 06:20:26.858408,1
480,vault_agent,Database connection pool utilization at 87% | Threshold: 80%,staging,payment_service-0041,2026-06-05 06:20:26.858846,2
481,vault_agent,Database connection pool utilization at 80% | Threshold: 80%,staging,payment_service-0041,2026-06-05 06:20:26.858891,2
482,api_gateway_container,Database connection timeout after 4796ms | Pool exhausted,production,api_gateway-3301,2026-06-05 06:21:26.858902,3
483,api_gateway_container,Response time degradation detected: avg 787ms over last 60s,production,api_gateway-3301,2026-06-05 06:21:26.858857,2
484,api_gateway_container,Successfully processed request in 34ms | Status 200,production,api_gateway-3301,2026-06-05 06:21:26.858405,1
485,api_gateway_container,Health check passed | Uptime: 393h | Memory stable,production,api_gateway-3301,2026-06-05 06:21:26.858878,1
486,vault_agent,Successfully processed request in 62ms | Status 200,staging,payment_service-0041,2026-06-05 06:22:26.859009,1
487,vault_agent,Database connection timeout after 7129ms | Pool exhausted,staging,payment_service-0041,2026-06-05 06:22:26.858297,3
488,vault_agent,Health check passed | Uptime: 431h | Memory stable,staging,payment_service-0041,2026-06-05 06:22:26.858572,1
489,vault_agent,Database connection pool utilization at 77% | Threshold: 80%,staging,payment_service-0041,2026-06-05 06:22:26.858923,2
490,vault_agent,Response time degradation detected: avg 718ms over last 60s,staging,payment_service-0041,2026-06-05 06:22:26.859136,2
491,api_gateway_container,Response time degradation detected: avg 1452ms over last 60s,production,api_gateway-3301,2026-06-05 06:23:26.858404,2
492,api_gateway_container,Response time degradation detected: avg 4266ms over last 60s,production,api_gateway-3301,2026-06-05 06:23:26.858398,2
493,api_gateway_container,Successfully processed request in 11ms | Status 200,production,api_gateway-3301,2026-06-05 06:23:26.858352,1
494,payment_container,Database connection pool utilization at 84% | Threshold: 80%,staging,payment_service-0041,2026-06-05 06:24:26.858328,2
495,payment_container,Successfully processed request in 122ms | Status 200,staging,payment_service-0041,2026-06-05 06:24:26.858317,1
496,envoy_proxy,Downstream service payment_service returned HTTP 503 | Retry budget exceeded,production,api_gateway-3301,2026-06-05 06:25:26.858314,3
497,envoy_proxy,Database connection pool utilization at 84% | Threshold: 80%,production,api_gateway-3301,2026-06-05 06:25:26.858871,2
498,envoy_proxy,Health check passed | Uptime: 599h | Memory stable,production,api_gateway-3301,2026-06-05 06:25:26.858403,1
499,envoy_proxy,Health check passed | Uptime: 218h | Memory stable,production,api_gateway-3301,2026-06-05 06:25:26.858753,1
500,envoy_proxy,Health check passed | Uptime: 260h | Memory stable,production,api_gateway-3301,2026-06-05 06:25:26.859060,1
501,envoy_proxy,Database connection timeout after 23209ms | Pool exhausted,production,api_gateway-3301,2026-06-05 06:27:26.859074,3
502,payment_container,Response time degradation detected: avg 610ms over last 60s,staging,payment_service-0041,2026-06-05 06:28:26.858540,2
503,payment_container,Downstream service payment_service returned HTTP 503 | Retry budget exceeded,staging,payment_service-0041,2026-06-05 06:28:26.858865,3
504,payment_container,Downstream service payment_service returned HTTP 503 | Retry budget exceeded,staging,payment_service-0041,2026-06-05 06:28:26.858980,3
505,payment_container,Health check passed | Uptime: 136h | Memory stable,staging,payment_service-0041,2026-06-05 06:29:26.858344,1
506,payment_container,Health check passed | Uptime: 369h | Memory stable,staging,payment_service-0041,2026-06-05 06:30:26.859174,1
507,payment_container,Database connection pool utilization at 83% | Threshold: 80%,staging,payment_service-0041,2026-06-05 06:30:26.858766,2
508,payment_container,Database connection timeout after 25825ms | Pool exhausted,staging,payment_service-0041,2026-06-05 06:30:26.858751,3
509,payment_container,Database connection pool utilization at 94% | Threshold: 80%,production,payment_service-4401,2026-06-05 06:31:26.858890,2
510,payment_container,Database connection pool utilization at 84% | Threshold: 80%,production,payment_service-4401,2026-06-05 06:31:26.858397,2
511,payment_container,Database connection pool utilization at 88% | Threshold: 80%,production,payment_service-4401,2026-06-05 06:31:26.858278,2
512,payment_container,Database connection timeout after 7768ms | Pool exhausted,production,payment_service-4401,2026-06-05 06:31:26.858334,3
513,payment_container,Health check passed | Uptime: 339h | Memory stable,production,payment_service-4401,2026-06-05 06:31:26.858893,1
514,api_gateway_container,Downstream service payment_service returned HTTP 503 | Retry budget exceeded,production,api_gateway-3301,2026-06-05 06:32:26.859187,3
515,api_gateway_container,Successfully processed request in 16ms | Status 200,production,api_gateway-3301,2026-06-05 06:32:26.858911,1
516,api_gateway_container,Health check passed | Uptime: 687h | Memory stable,production,api_gateway-3301,2026-06-05 06:32:26.858988,1
517,envoy_proxy,Database connection timeout after 22087ms | Pool exhausted,production,api_gateway-3301,2026-06-05 06:33:26.858348,3
518,envoy_proxy,Database connection pool utilization at 89% | Threshold: 80%,production,api_gateway-3301,2026-06-05 06:33:26.858452,2
519,envoy_proxy,Downstream service payment_service returned HTTP 503 | Retry budget exceeded,production,api_gateway-3301,2026-06-05 06:33:26.858295,3
520,vault_agent,Health check passed | Uptime: 199h | Memory stable,staging,payment_service-0041,2026-06-05 06:34:26.858810,1
521,vault_agent,Database connection pool utilization at 82% | Threshold: 80%,staging,payment_service-0041,2026-06-05 06:34:26.859133,2
522,vault_agent,Downstream service payment_service returned HTTP 503 | Retry budget exceeded,staging,payment_service-0041,2026-06-05 06:34:26.858425,3
523,vault_agent,Downstream service payment_service returned HTTP 503 | Retry budget exceeded,staging,payment_service-0041,2026-06-05 06:35:26.858491,3
524,vault_agent,Database connection pool utilization at 78% | Threshold: 80%,staging,payment_service-0041,2026-06-05 06:35:26.858669,2
525,payment_container,Database connection timeout after 6359ms | Pool exhausted,production,payment_service-4401,2026-06-05 06:36:26.858830,3
526,payment_container,Downstream service payment_service returned HTTP 503 | Retry budget exceeded,production,payment_service-4401,2026-06-05 06:36:26.858307,3
527,payment_container,Successfully processed request in 70ms | Status 200,production,payment_service-4401,2026-06-05 06:36:26.858336,1
528,payment_container,Downstream service payment_service returned HTTP 503 | Retry budget exceeded,production,payment_service-4401,2026-06-05 06:36:26.858722,3
529,payment_container,Database connection timeout after 6156ms | Pool exhausted,production,payment_service-4401,2026-06-05 06:36:26.858495,3
530,api_gateway_container,Successfully processed request in 5ms | Status 200,production,api_gateway-3301,2026-06-05 06:37:26.858841,1
531,api_gateway_container,Health check passed | Uptime: 697h | Memory stable,production,api_gateway-3301,2026-06-05 06:37:26.858379,1
532,api_gateway_container,Downstream service payment_service returned HTTP 503 | Retry budget exceeded,production,api_gateway-3301,2026-06-05 06:37:26.858768,3
533,api_gateway_container,Database connection pool utilization at 80% | Threshold: 80%,production,api_gateway-3301,2026-06-05 06:37:26.858939,2
534,api_gateway_container,Health check passed | Uptime: 677h | Memory stable,production,api_gateway-3301,2026-06-05 06:37:26.858585,1
535,payment_container,Successfully processed request in 97ms | Status 200,staging,payment_service-0041,2026-06-05 06:38:26.859039,1
536,payment_container,Response time degradation detected: avg 1139ms over last 60s,staging,payment_service-0041,2026-06-05 06:38:26.859042,2
537,payment_container,Successfully processed request in 166ms | Status 200,staging,payment_service-0041,2026-06-05 06:38:26.858891,1
538,api_gateway_container,Successfully processed request in 65ms | Status 200,production,api_gateway-3301,2026-06-05 06:40:26.858510,1
539,api_gateway_container,Database connection pool utilization at 87% | Threshold: 80%,production,api_gateway-3301,2026-06-05 06:40:26.858553,2
540,api_gateway_container,Response time degradation detected: avg 948ms over last 60s,production,api_gateway-3301,2026-06-05 06:40:26.858406,2
541,api_gateway_container,Database connection timeout after 19805ms | Pool exhausted,production,api_gateway-3301,2026-06-05 06:40:26.858996,3
542,api_gateway_container,Downstream service payment_service returned HTTP 503 | Retry budget exceeded,production,api_gateway-3301,2026-06-05 06:40:26.858592,3
543,payment_container,Database connection timeout after 11459ms | Pool exhausted,production,payment_service-4401,2026-06-05 06:41:26.859150,3
544,payment_container,Successfully processed request in 105ms | Status 200,production,payment_service-4401,2026-06-05 06:41:26.859131,1
545,payment_container,Downstream service payment_service returned HTTP 503 | Retry budget exceeded,production,payment_service-4401,2026-06-05 06:41:26.859112,3
546,payment_container,Successfully processed request in 29ms | Status 200,production,payment_service-4401,2026-06-05 06:41:26.858599,1
547,payment_container,Health check passed | Uptime: 382h | Memory stable,production,payment_service-4401,2026-06-05 06:41:26.858594,1
548,envoy_proxy,Health check passed | Uptime: 560h | Memory stable,staging,api_gateway-0021,2026-06-05 06:42:26.858421,1
549,envoy_proxy,Successfully processed request in 177ms | Status 200,staging,api_gateway-0021,2026-06-05 06:42:26.858617,1
550,envoy_proxy,Successfully processed request in 17ms | Status 200,staging,api_gateway-0021,2026-06-05 06:42:26.858291,1
551,vault_agent,Successfully processed request in 40ms | Status 200,production,payment_service-4401,2026-06-05 06:43:26.858718,1
552,vault_agent,Health check passed | Uptime: 576h | Memory stable,production,payment_service-4401,2026-06-05 06:43:26.858973,1
553,vault_agent,Downstream service payment_service returned HTTP 503 | Retry budget exceeded,production,payment_service-4401,2026-06-05 06:43:26.858738,3
554,vault_agent,Health check passed | Uptime: 392h | Memory stable,production,payment_service-4401,2026-06-05 06:43:26.858538,1
555,vault_agent,Successfully processed request in 66ms | Status 200,production,payment_service-4401,2026-06-05 06:43:26.858639,1
556,vault_agent,Database connection pool utilization at 90% | Threshold: 80%,staging,payment_service-0041,2026-06-05 06:44:26.859155,2
557,vault_agent,Database connection timeout after 7168ms | Pool exhausted,staging,payment_service-0041,2026-06-05 06:44:26.859103,3
558,vault_agent,Database connection timeout after 26350ms | Pool exhausted,staging,payment_service-0041,2026-06-05 06:44:26.858555,3
559,vault_agent,Database connection timeout after 25312ms | Pool exhausted,staging,payment_service-0041,2026-06-05 06:44:26.858538,3
560,envoy_proxy,Successfully processed request in 52ms | Status 200,staging,api_gateway-0021,2026-06-05 06:45:26.858556,1
561,envoy_proxy,Health check passed | Uptime: 526h | Memory stable,staging,api_gateway-0021,2026-06-05 06:45:26.859092,1
562,api_gateway_container,Health check passed | Uptime: 243h | Memory stable,staging,api_gateway-0021,2026-06-05 06:46:26.858746,1
563,api_gateway_container,Database connection pool utilization at 90% | Threshold: 80%,staging,api_gateway-0021,2026-06-05 06:46:26.859148,2
564,api_gateway_container,Successfully processed request in 188ms | Status 200,staging,api_gateway-0021,2026-06-05 06:46:26.858500,1
565,api_gateway_container,Successfully processed request in 116ms | Status 200,staging,api_gateway-0021,2026-06-05 06:46:26.858587,1
566,envoy_proxy,Database connection timeout after 18162ms | Pool exhausted,staging,api_gateway-0021,2026-06-05 06:47:26.858917,3
567,envoy_proxy,Database connection timeout after 6343ms | Pool exhausted,staging,api_gateway-0021,2026-06-05 06:48:26.858584,3
568,envoy_proxy,Database connection timeout after 10444ms | Pool exhausted,production,api_gateway-3301,2026-06-05 06:50:26.859233,3
569,envoy_proxy,Health check passed | Uptime: 605h | Memory stable,production,api_gateway-3301,2026-06-05 06:50:26.858279,1
570,envoy_proxy,Successfully processed request in 6ms | Status 200,production,api_gateway-3301,2026-06-05 06:50:26.858599,1
571,envoy_proxy,Database connection timeout after 13620ms | Pool exhausted,production,api_gateway-3301,2026-06-05 06:50:26.858284,3
572,envoy_proxy,Downstream service payment_service returned HTTP 503 | Retry budget exceeded,staging,api_gateway-0021,2026-06-05 06:51:26.858268,3
573,vault_agent,Successfully processed request in 93ms | Status 200,production,payment_service-4401,2026-06-05 06:53:26.858664,1
574,vault_agent,Health check passed | Uptime: 550h | Memory stable,production,payment_service-4401,2026-06-05 06:53:26.859176,1
575,vault_agent,Health check passed | Uptime: 77h | Memory stable,production,payment_service-4401,2026-06-05 06:57:26.858784,1
576,api_gateway_container,Response time degradation detected: avg 807ms over last 60s,production,api_gateway-3301,2026-06-05 06:58:26.858856,2
577,api_gateway_container,Successfully processed request in 94ms | Status 200,production,api_gateway-3301,2026-06-05 06:58:26.858288,1
578,api_gateway_container,Downstream service payment_service returned HTTP 503 | Retry budget exceeded,production,api_gateway-3301,2026-06-05 06:58:26.858377,3
579,api_gateway_container,Database connection timeout after 21981ms | Pool exhausted,production,api_gateway-3301,2026-06-05 06:58:26.859049,3
580,envoy_proxy,Health check passed | Uptime: 436h | Memory stable,staging,api_gateway-0021,2026-06-05 06:59:26.859009,1
581,envoy_proxy,Successfully processed request in 181ms | Status 200,staging,api_gateway-0021,2026-06-05 06:59:26.858765,1
582,envoy_proxy,Database connection timeout after 22234ms | Pool exhausted,production,api_gateway-3301,2026-06-05 07:00:26.859029,3
583,envoy_proxy,Health check passed | Uptime: 519h | Memory stable,production,api_gateway-3301,2026-06-05 07:00:26.859220,1
584,envoy_proxy,Downstream service payment_service returned HTTP 503 | Retry budget exceeded,production,api_gateway-3301,2026-06-05 07:00:26.858463,3
585,envoy_proxy,Database connection pool utilization at 93% | Threshold: 80%,staging,api_gateway-0021,2026-06-05 07:01:26.858325,2
586,envoy_proxy,Response time degradation detected: avg 4805ms over last 60s,staging,api_gateway-0021,2026-06-05 07:01:26.859232,2
587,envoy_proxy,Database connection timeout after 17110ms | Pool exhausted,staging,api_gateway-0021,2026-06-05 07:01:26.859177,3
588,payment_container,Downstream service payment_service returned HTTP 503 | Retry budget exceeded,staging,payment_service-0041,2026-06-05 07:02:26.858607,3
589,payment_container,Successfully processed request in 97ms | Status 200,staging,payment_service-0041,2026-06-05 07:02:26.858863,1
590,payment_container,Health check passed | Uptime: 488h | Memory stable,staging,payment_service-0041,2026-06-05 07:02:26.858279,1
591,vault_agent,Health check passed | Uptime: 317h | Memory stable,production,payment_service-4401,2026-06-05 07:04:26.858833,1
592,vault_agent,Database connection timeout after 18307ms | Pool exhausted,production,payment_service-4401,2026-06-05 07:04:26.859132,3
593,vault_agent,Successfully processed request in 110ms | Status 200,production,payment_service-4401,2026-06-05 07:04:26.858842,1
594,payment_container,Health check passed | Uptime: 130h | Memory stable,production,payment_service-4401,2026-06-05 07:04:56.774263,1
595,payment_container,Response time degradation detected: avg 1011ms over last 60s,production,payment_service-4401,2026-06-05 07:04:56.774109,2
596,payment_container,Health check passed | Uptime: 331h | Memory stable,production,payment_service-4401,2026-06-05 07:04:56.773935,1
597,payment_container,Successfully processed request in 163ms | Status 200,production,payment_service-4401,2026-06-05 07:04:59.758008,1
598,payment_container,Successfully processed request in 108ms | Status 200,production,payment_service-4401,2026-06-05 07:04:59.758047,1
599,payment_container,Database connection pool utilization at 80% | Threshold: 80%,production,payment_service-4401,2026-06-05 07:04:59.757635,2
600,payment_container,Database connection timeout after 8406ms | Pool exhausted,production,payment_service-4401,2026-06-05 07:04:59.758013,3
601,payment_container,Successfully processed request in 108ms | Status 200,production,payment_service-4401,2026-06-05 07:04:59.757734,1
602,vault_agent,Successfully processed request in 193ms | Status 200,staging,payment_service-0041,2026-06-05 07:05:02.772215,1
603,vault_agent,Successfully processed request in 186ms | Status 200,staging,payment_service-0041,2026-06-05 07:05:02.771595,1
604,vault_agent,Successfully processed request in 121ms | Status 200,staging,payment_service-0041,2026-06-05 07:05:02.771702,1
605,envoy_proxy,Health check passed | Uptime: 178h | Memory stable,staging,api_gateway-0021,2026-06-05 07:05:05.756981,1
606,envoy_proxy,Database connection pool utilization at 94% | Threshold: 80%,staging,api_gateway-0021,2026-06-05 07:05:05.756970,2
607,envoy_proxy,Health check passed | Uptime: 443h | Memory stable,staging,api_gateway-0021,2026-06-05 07:05:05.757302,1
608,envoy_proxy,Successfully processed request in 59ms | Status 200,staging,api_gateway-0021,2026-06-05 07:05:05.757200,1
609,envoy_proxy,Successfully processed request in 40ms | Status 200,staging,api_gateway-0021,2026-06-05 07:05:05.757723,1
610,api_gateway_container,Database connection timeout after 29095ms | Pool exhausted,staging,api_gateway-0021,2026-06-05 07:05:08.762535,3
611,api_gateway_container,Database connection timeout after 18832ms | Pool exhausted,staging,api_gateway-0021,2026-06-05 07:05:08.761914,3
612,api_gateway_container,Database connection pool utilization at 92% | Threshold: 80%,staging,api_gateway-0021,2026-06-05 07:05:08.762128,2
613,api_gateway_container,Successfully processed request in 129ms | Status 200,production,api_gateway-3301,2026-06-05 07:05:11.758133,1
614,api_gateway_container,Database connection timeout after 6835ms | Pool exhausted,production,api_gateway-3301,2026-06-05 07:05:11.757732,3
615,api_gateway_container,Successfully processed request in 157ms | Status 200,production,api_gateway-3301,2026-06-05 07:05:11.757396,1
616,api_gateway_container,Database connection timeout after 5576ms | Pool exhausted,production,api_gateway-3301,2026-06-05 07:05:11.757565,3
617,api_gateway_container,Health check passed | Uptime: 369h | Memory stable,staging,api_gateway-0021,2026-06-05 07:05:17.770371,1
618,vault_agent,Downstream service payment_service returned HTTP 503 | Retry budget exceeded,staging,payment_service-0041,2026-06-05 07:05:20.763478,3
619,vault_agent,Response time degradation detected: avg 3653ms over last 60s,staging,payment_service-0041,2026-06-05 07:05:20.763454,2
620,vault_agent,Health check passed | Uptime: 100h | Memory stable,staging,payment_service-0041,2026-06-05 07:05:20.763389,1
621,vault_agent,Downstream service payment_service returned HTTP 503 | Retry budget exceeded,staging,payment_service-0041,2026-06-05 07:05:20.763672,3
622,payment_container,Health check passed | Uptime: 546h | Memory stable,production,payment_service-4401,2026-06-05 07:05:29.772282,1
623,payment_container,Database connection pool utilization at 92% | Threshold: 80%,production,payment_service-4401,2026-06-05 07:05:29.771926,2
624,payment_container,Database connection pool utilization at 85% | Threshold: 80%,production,payment_service-4401,2026-06-05 07:05:29.772375,2
625,vault_agent,Successfully processed request in 25ms | Status 200,staging,payment_service-0041,2026-06-05 07:05:32.771302,1
626,vault_agent,Downstream service payment_service returned HTTP 503 | Retry budget exceeded,staging,payment_service-0041,2026-06-05 07:05:32.770902,3
627,envoy_proxy,Database connection pool utilization at 87% | Threshold: 80%,production,api_gateway-3301,2026-06-05 07:05:38.772961,2
628,envoy_proxy,Response time degradation detected: avg 869ms over last 60s,production,api_gateway-3301,2026-06-05 07:05:38.773028,2
629,envoy_proxy,Downstream service payment_service returned HTTP 503 | Retry budget exceeded,production,api_gateway-3301,2026-06-05 07:05:38.772940,3
630,envoy_proxy,Successfully processed request in 103ms | Status 200,production,api_gateway-3301,2026-06-05 07:05:38.773281,1
631,envoy_proxy,Response time degradation detected: avg 4583ms over last 60s,production,api_gateway-3301,2026-06-05 07:05:38.773118,2
632,payment_container,Database connection timeout after 21327ms | Pool exhausted,staging,payment_service-0041,2026-06-05 07:05:44.760640,3
633,payment_container,Database connection timeout after 29502ms | Pool exhausted,staging,payment_service-0041,2026-06-05 07:05:44.760905,3
634,api_gateway_container,Response time degradation detected: avg 1786ms over last 60s,production,api_gateway-3301,2026-06-05 07:05:47.769181,2
635,api_gateway_container,Downstream service payment_service returned HTTP 503 | Retry budget exceeded,production,api_gateway-3301,2026-06-05 07:05:47.769219,3
636,api_gateway_container,Database connection timeout after 20245ms | Pool exhausted,production,api_gateway-3301,2026-06-05 07:05:47.769512,3
637,api_gateway_container,Successfully processed request in 39ms | Status 200,production,api_gateway-3301,2026-06-05 07:05:47.769695,1
638,api_gateway_container,Health check passed | Uptime: 529h | Memory stable,staging,api_gateway-0021,2026-06-05 07:05:50.769868,1
639,api_gateway_container,Database connection pool utilization at 88% | Threshold: 80%,staging,api_gateway-0021,2026-06-05 07:05:50.770313,2
640,api_gateway_container,Health check passed | Uptime: 344h | Memory stable,staging,api_gateway-0021,2026-06-05 07:05:50.769737,1
641,envoy_proxy,Database connection timeout after 6533ms | Pool exhausted,production,api_gateway-3301,2026-06-05 07:05:53.772502,3
642,envoy_proxy,Health check passed | Uptime: 391h | Memory stable,production,api_gateway-3301,2026-06-05 07:05:53.772113,1
643,envoy_proxy,Response time degradation detected: avg 3396ms over last 60s,production,api_gateway-3301,2026-06-05 07:05:53.772219,2
644,payment_container,Successfully processed request in 110ms | Status 200,production,payment_service-4401,2026-06-05 07:05:56.764626,1
645,payment_container,Database connection timeout after 19601ms | Pool exhausted,production,payment_service-4401,2026-06-05 07:05:56.764811,3
646,payment_container,Health check passed | Uptime: 74h | Memory stable,production,payment_service-4401,2026-06-05 07:05:56.764882,1
647,api_gateway_container,Health check passed | Uptime: 569h | Memory stable,production,api_gateway-3301,2026-06-05 07:05:59.761866,1
648,api_gateway_container,Database connection pool utilization at 89% | Threshold: 80%,production,api_gateway-3301,2026-06-05 07:05:59.761939,2
649,api_gateway_container,Database connection pool utilization at 92% | Threshold: 80%,production,api_gateway-3301,2026-06-05 07:05:59.761584,2
650,api_gateway_container,Database connection timeout after 23332ms | Pool exhausted,production,api_gateway-3301,2026-06-05 07:05:59.762239,3
651,envoy_proxy,Health check passed | Uptime: 283h | Memory stable,production,api_gateway-3301,2026-06-05 07:06:02.769798,1
652,envoy_proxy,Successfully processed request in 92ms | Status 200,production,api_gateway-3301,2026-06-05 07:06:02.769786,1
653,envoy_proxy,Response time degradation detected: avg 3844ms over last 60s,production,api_gateway-3301,2026-06-05 07:06:02.770061,2
654,envoy_proxy,Health check passed | Uptime: 226h | Memory stable,production,api_gateway-3301,2026-06-05 07:06:02.769902,1
655,envoy_proxy,Response time degradation detected: avg 3062ms over last 60s,production,api_gateway-3301,2026-06-05 07:06:02.770275,2
656,payment_container,Response time degradation detected: avg 3835ms over last 60s,staging,payment_service-0041,2026-06-05 07:06:05.770276,2
657,payment_container,Database connection pool utilization at 85% | Threshold: 80%,staging,payment_service-0041,2026-06-05 07:06:05.770916,2
658,vault_agent,Successfully processed request in 59ms | Status 200,production,payment_service-4401,2026-06-05 07:06:08.762760,1
659,vault_agent,Database connection timeout after 17684ms | Pool exhausted,production,payment_service-4401,2026-06-05 07:06:08.762164,3
660,vault_agent,Database connection pool utilization at 81% | Threshold: 80%,production,payment_service-4401,2026-06-05 07:06:08.763042,2
661,vault_agent,Downstream service payment_service returned HTTP 503 | Retry budget exceeded,production,payment_service-4401,2026-06-05 07:06:08.763033,3
662,vault_agent,Health check passed | Uptime: 618h | Memory stable,production,payment_service-4401,2026-06-05 07:06:11.759429,1
663,payment_container,Response time degradation detected: avg 4668ms over last 60s,production,payment_service-4401,2026-06-05 07:06:17.769033,2
664,payment_container,Downstream service payment_service returned HTTP 503 | Retry budget exceeded,production,payment_service-4401,2026-06-05 07:06:20.771579,3
665,payment_container,Successfully processed request in 68ms | Status 200,production,payment_service-4401,2026-06-05 07:06:20.772043,1
666,payment_container,Database connection timeout after 14756ms | Pool exhausted,production,payment_service-4401,2026-06-05 07:06:20.771309,3
667,envoy_proxy,Database connection pool utilization at 75% | Threshold: 80%,production,api_gateway-3301,2026-06-05 07:06:23.759528,2
668,envoy_proxy,Successfully processed request in 99ms | Status 200,production,api_gateway-3301,2026-06-05 07:06:23.759422,1
669,api_gateway_container,Downstream service payment_service returned HTTP 503 | Retry budget exceeded,production,api_gateway-3301,2026-06-05 07:06:26.764275,3
670,api_gateway_container,Downstream service payment_service returned HTTP 503 | Retry budget exceeded,production,api_gateway-3301,2026-06-05 07:06:26.764455,3
671,envoy_proxy,Downstream service payment_service returned HTTP 503 | Retry budget exceeded,production,api_gateway-3301,2026-06-05 07:06:29.766399,3
672,envoy_proxy,Database connection timeout after 23972ms | Pool exhausted,production,api_gateway-3301,2026-06-05 07:06:29.765861,3
673,envoy_proxy,Health check passed | Uptime: 359h | Memory stable,production,api_gateway-3301,2026-06-05 07:06:29.765782,1
674,envoy_proxy,Health check passed | Uptime: 561h | Memory stable,production,api_gateway-3301,2026-06-05 07:06:29.766719,1
675,envoy_proxy,Successfully processed request in 126ms | Status 200,production,api_gateway-3301,2026-06-05 07:06:35.758524,1
676,envoy_proxy,Health check passed | Uptime: 497h | Memory stable,production,api_gateway-3301,2026-06-05 07:06:35.758088,1
677,envoy_proxy,Health check passed | Uptime: 586h | Memory stable,staging,api_gateway-0021,2026-06-05 07:06:38.757292,1
678,envoy_proxy,Response time degradation detected: avg 3168ms over last 60s,staging,api_gateway-0021,2026-06-05 07:06:38.757969,2
679,envoy_proxy,Successfully processed request in 183ms | Status 200,staging,api_gateway-0021,2026-06-05 07:06:38.757407,1
680,envoy_proxy,Downstream service payment_service returned HTTP 503 | Retry budget exceeded,staging,api_gateway-0021,2026-06-05 07:06:38.757460,3
681,envoy_proxy,Health check passed | Uptime: 394h | Memory stable,staging,api_gateway-0021,2026-06-05 07:06:41.757806,1
682,envoy_proxy,Health check passed | Uptime: 648h | Memory stable,staging,api_gateway-0021,2026-06-05 07:06:41.758451,1
683,vault_agent,Successfully processed request in 197ms | Status 200,staging,payment_service-0041,2026-06-05 07:06:44.762686,1
684,vault_agent,Successfully processed request in 129ms | Status 200,staging,payment_service-0041,2026-06-05 07:06:44.762451,1
685,vault_agent,Health check passed | Uptime: 552h | Memory stable,staging,payment_service-0041,2026-06-05 07:06:44.762788,1
686,vault_agent,Successfully processed request in 40ms | Status 200,staging,payment_service-0041,2026-06-05 07:06:44.762244,1
687,api_gateway_container,Successfully processed request in 1ms | Status 200,production,api_gateway-3301,2026-06-05 07:06:47.769300,1
688,vault_agent,Response time degradation detected: avg 2898ms over last 60s,staging,payment_service-0041,2026-06-05 07:06:53.758914,2
689,vault_agent,Health check passed | Uptime: 302h | Memory stable,staging,payment_service-0041,2026-06-05 07:06:53.758288,1
690,api_gateway_container,Database connection pool utilization at 92% | Threshold: 80%,production,api_gateway-3301,2026-06-05 07:06:56.771448,2
691,api_gateway_container,Health check passed | Uptime: 46h | Memory stable,production,api_gateway-3301,2026-06-05 07:06:56.771251,1
692,api_gateway_container,Successfully processed request in 193ms | Status 200,production,api_gateway-3301,2026-06-05 07:06:56.771918,1
693,api_gateway_container,Health check passed | Uptime: 185h | Memory stable,production,api_gateway-3301,2026-06-05 07:06:56.771549,1
694,vault_agent,Database connection pool utilization at 78% | Threshold: 80%,production,payment_service-4401,2026-06-05 07:06:59.771476,2
695,vault_agent,Response time degradation detected: avg 947ms over last 60s,production,payment_service-4401,2026-06-05 07:06:59.771004,2
696,vault_agent,Health check passed | Uptime: 122h | Memory stable,production,payment_service-4401,2026-06-05 07:06:59.771103,1
697,vault_agent,Database connection timeout after 24441ms | Pool exhausted,production,payment_service-4401,2026-06-05 07:06:59.771045,3
698,api_gateway_container,Database connection timeout after 4266ms | Pool exhausted,production,api_gateway-3301,2026-06-05 07:07:02.759234,3
699,payment_container,Health check passed | Uptime: 545h | Memory stable,staging,payment_service-0041,2026-06-05 07:07:05.768498,1
700,payment_container,Database connection pool utilization at 83% | Threshold: 80%,staging,payment_service-0041,2026-06-05 07:07:05.768590,2
701,payment_container,Database connection timeout after 16530ms | Pool exhausted,staging,payment_service-0041,2026-06-05 07:07:05.767755,3
702,payment_container,Successfully processed request in 179ms | Status 200,staging,payment_service-0041,2026-06-05 07:07:05.768326,1
703,envoy_proxy,Health check passed | Uptime: 123h | Memory stable,production,api_gateway-3301,2026-06-05 07:07:08.768848,1
704,envoy_proxy,Response time degradation detected: avg 1812ms over last 60s,production,api_gateway-3301,2026-06-05 07:07:08.768930,2
705,envoy_proxy,Downstream service payment_service returned HTTP 503 | Retry budget exceeded,production,api_gateway-3301,2026-06-05 07:07:08.769495,3
706,envoy_proxy,Successfully processed request in 73ms | Status 200,production,api_gateway-3301,2026-06-05 07:07:08.769219,1
707,envoy_proxy,Database connection pool utilization at 92% | Threshold: 80%,production,api_gateway-3301,2026-06-05 07:07:11.766141,2
708,envoy_proxy,Successfully processed request in 88ms | Status 200,production,api_gateway-3301,2026-06-05 07:07:11.766349,1
709,envoy_proxy,Response time degradation detected: avg 2089ms over last 60s,production,api_gateway-3301,2026-06-05 07:07:11.766548,2
710,envoy_proxy,Database connection pool utilization at 75% | Threshold: 80%,production,api_gateway-3301,2026-06-05 07:07:11.766914,2
711,envoy_proxy,Database connection timeout after 15996ms | Pool exhausted,production,api_gateway-3301,2026-06-05 07:07:14.761724,3
712,envoy_proxy,Response time degradation detected: avg 4076ms over last 60s,production,api_gateway-3301,2026-06-05 07:07:14.761365,2
713,envoy_proxy,Health check passed | Uptime: 605h | Memory stable,production,api_gateway-3301,2026-06-05 07:07:14.761334,1
714,envoy_proxy,Response time degradation detected: avg 3677ms over last 60s,production,api_gateway-3301,2026-06-05 07:07:14.761537,2
715,payment_container,Successfully processed request in 133ms | Status 200,staging,payment_service-0041,2026-06-05 07:07:17.773698,1
716,payment_container,Successfully processed request in 145ms | Status 200,staging,payment_service-0041,2026-06-05 07:07:17.772941,1
717,payment_container,Database connection pool utilization at 81% | Threshold: 80%,staging,payment_service-0041,2026-06-05 07:07:17.773814,2
718,payment_container,Response time degradation detected: avg 2515ms over last 60s,staging,payment_service-0041,2026-06-05 07:07:20.762608,2
719,payment_container,Health check passed | Uptime: 670h | Memory stable,staging,payment_service-0041,2026-06-05 07:07:20.763153,1
720,payment_container,Database connection timeout after 7513ms | Pool exhausted,staging,payment_service-0041,2026-06-05 07:07:20.762561,3
721,payment_container,Downstream service payment_service returned HTTP 503 | Retry budget exceeded,production,payment_service-4401,2026-06-04 05:10:17.069723,3
722,payment_container,Downstream service payment_service returned HTTP 503 | Retry budget exceeded,production,payment_service-4401,2026-06-04 05:10:17.069929,3
723,api_gateway_container,Database connection timeout after 26383ms | Pool exhausted,production,api_gateway-3301,2026-06-04 05:11:17.069708,3
724,payment_container,Downstream service payment_service returned HTTP 503 | Retry budget exceeded,staging,payment_service-0041,2026-06-04 05:12:17.070125,3
725,payment_container,Health check passed | Uptime: 35h | Memory stable,staging,payment_service-0041,2026-06-04 05:12:17.070656,1
726,payment_container,Health check passed | Uptime: 693h | Memory stable,staging,payment_service-0041,2026-06-04 05:12:17.070573,1
727,payment_container,Database connection pool utilization at 82% | Threshold: 80%,production,payment_service-4401,2026-06-04 05:14:17.069827,2
728,payment_container,Database connection pool utilization at 82% | Threshold: 80%,production,payment_service-4401,2026-06-04 05:14:17.070259,2
729,payment_container,Health check passed | Uptime: 447h | Memory stable,production,payment_service-4401,2026-06-04 05:14:17.069890,1
730,payment_container,Health check passed | Uptime: 449h | Memory stable,production,payment_service-4401,2026-06-04 05:14:17.070186,1
731,payment_container,Downstream service payment_service returned HTTP 503 | Retry budget exceeded,production,payment_service-4401,2026-06-04 05:14:17.070515,3
732,vault_agent,Database connection pool utilization at 87% | Threshold: 80%,staging,payment_service-0041,2026-06-04 05:15:17.070135,2
733,vault_agent,Successfully processed request in 176ms | Status 200,staging,payment_service-0041,2026-06-04 05:15:17.070017,1
734,vault_agent,Database connection timeout after 3375ms | Pool exhausted,staging,payment_service-0041,2026-06-04 05:15:17.070498,3
735,vault_agent,Database connection timeout after 16634ms | Pool exhausted,staging,payment_service-0041,2026-06-04 05:15:17.070450,3
736,vault_agent,Health check passed | Uptime: 398h | Memory stable,staging,payment_service-0041,2026-06-04 05:15:17.070520,1
737,payment_container,Database connection pool utilization at 90% | Threshold: 80%,production,payment_service-4401,2026-06-04 05:16:17.069792,2
738,envoy_proxy,Database connection timeout after 27558ms | Pool exhausted,staging,api_gateway-0021,2026-06-04 05:17:17.070462,3
739,envoy_proxy,Successfully processed request in 141ms | Status 200,staging,api_gateway-0021,2026-06-04 05:17:17.069796,1
740,envoy_proxy,Successfully processed request in 114ms | Status 200,staging,api_gateway-0021,2026-06-04 05:17:17.070580,1
741,api_gateway_container,Downstream service payment_service returned HTTP 503 | Retry budget exceeded,staging,api_gateway-0021,2026-06-04 05:18:17.069969,3
742,api_gateway_container,Health check passed | Uptime: 710h | Memory stable,staging,api_gateway-0021,2026-06-04 05:18:17.070503,1
743,api_gateway_container,Health check passed | Uptime: 701h | Memory stable,staging,api_gateway-0021,2026-06-04 05:18:17.070254,1
744,api_gateway_container,Successfully processed request in 153ms | Status 200,staging,api_gateway-0021,2026-06-04 05:18:17.070515,1
745,api_gateway_container,Response time degradation detected: avg 4410ms over last 60s,staging,api_gateway-0021,2026-06-04 05:18:17.069951,2
746,vault_agent,Health check passed | Uptime: 181h | Memory stable,staging,payment_service-0041,2026-06-04 05:19:17.069840,1
747,vault_agent,Downstream service payment_service returned HTTP 503 | Retry budget exceeded,staging,payment_service-0041,2026-06-04 05:19:17.070413,3
748,vault_agent,Database connection pool utilization at 93% | Threshold: 80%,staging,payment_service-0041,2026-06-04 05:19:17.070655,2
749,vault_agent,Health check passed | Uptime: 272h | Memory stable,staging,payment_service-0041,2026-06-04 05:19:17.070263,1
750,payment_container,Downstream service payment_service returned HTTP 503 | Retry budget exceeded,staging,payment_service-0041,2026-06-04 05:20:17.070627,3
751,payment_container,Health check passed | Uptime: 186h | Memory stable,staging,payment_service-0041,2026-06-04 05:20:17.069861,1
752,vault_agent,Successfully processed request in 92ms | Status 200,staging,payment_service-0041,2026-06-04 05:21:17.069953,1
753,vault_agent,Database connection timeout after 5408ms | Pool exhausted,staging,payment_service-0041,2026-06-04 05:21:17.069836,3
754,vault_agent,Database connection pool utilization at 78% | Threshold: 80%,staging,payment_service-0041,2026-06-04 05:21:17.070670,2
755,vault_agent,Health check passed | Uptime: 124h | Memory stable,staging,payment_service-0041,2026-06-04 05:21:17.070380,1
756,vault_agent,Health check passed | Uptime: 180h | Memory stable,staging,payment_service-0041,2026-06-04 05:22:17.070460,1
757,api_gateway_container,Database connection pool utilization at 84% | Threshold: 80%,staging,api_gateway-0021,2026-06-04 05:24:17.070307,2
758,api_gateway_container,Response time degradation detected: avg 2960ms over last 60s,production,api_gateway-3301,2026-06-04 05:25:17.070401,2
759,api_gateway_container,Database connection pool utilization at 93% | Threshold: 80%,production,api_gateway-3301,2026-06-04 05:25:17.070153,2
760,api_gateway_container,Response time degradation detected: avg 1388ms over last 60s,production,api_gateway-3301,2026-06-04 05:25:17.070461,2
761,api_gateway_container,Successfully processed request in 87ms | Status 200,production,api_gateway-3301,2026-06-04 05:25:17.070650,1
762,api_gateway_container,Response time degradation detected: avg 1694ms over last 60s,production,api_gateway-3301,2026-06-04 05:25:17.070161,2
763,vault_agent,Database connection timeout after 4160ms | Pool exhausted,staging,payment_service-0041,2026-06-04 05:26:17.070566,3
764,vault_agent,Response time degradation detected: avg 1966ms over last 60s,staging,payment_service-0041,2026-06-04 05:26:17.070566,2
765,vault_agent,Database connection pool utilization at 88% | Threshold: 80%,production,payment_service-4401,2026-06-04 05:27:17.069964,2
766,vault_agent,Successfully processed request in 163ms | Status 200,production,payment_service-4401,2026-06-04 05:27:17.070192,1
767,vault_agent,Database connection timeout after 26788ms | Pool exhausted,production,payment_service-4401,2026-06-04 05:27:17.070424,3
768,envoy_proxy,Health check passed | Uptime: 415h | Memory stable,staging,api_gateway-0021,2026-06-04 05:28:17.070143,1
769,vault_agent,Response time degradation detected: avg 3245ms over last 60s,staging,payment_service-0041,2026-06-04 05:29:17.070217,2
770,vault_agent,Response time degradation detected: avg 2490ms over last 60s,staging,payment_service-0041,2026-06-04 05:29:17.070386,2
771,vault_agent,Downstream service payment_service returned HTTP 503 | Retry budget exceeded,staging,payment_service-0041,2026-06-04 05:29:17.070595,3
772,vault_agent,Successfully processed request in 112ms | Status 200,production,payment_service-4401,2026-06-04 05:30:17.069746,1
773,vault_agent,Health check passed | Uptime: 329h | Memory stable,production,payment_service-4401,2026-06-04 05:30:17.070264,1
774,vault_agent,Health check passed | Uptime: 136h | Memory stable,production,payment_service-4401,2026-06-04 05:30:17.069833,1
775,vault_agent,Downstream service payment_service returned HTTP 503 | Retry budget exceeded,production,payment_service-4401,2026-06-04 05:30:17.070630,3
776,vault_agent,Successfully processed request in 32ms | Status 200,production,payment_service-4401,2026-06-04 05:30:17.070589,1
777,api_gateway_container,Database connection timeout after 7159ms | Pool exhausted,staging,api_gateway-0021,2026-06-04 05:31:17.070634,3
778,api_gateway_container,Database connection pool utilization at 80% | Threshold: 80%,staging,api_gateway-0021,2026-06-04 05:31:17.070356,2
779,api_gateway_container,Successfully processed request in 6ms | Status 200,staging,api_gateway-0021,2026-06-04 05:31:17.070201,1
780,api_gateway_container,Downstream service payment_service returned HTTP 503 | Retry budget exceeded,staging,api_gateway-0021,2026-06-04 05:31:17.070530,3
781,api_gateway_container,Successfully processed request in 40ms | Status 200,staging,api_gateway-0021,2026-06-04 05:31:17.070641,1
782,envoy_proxy,Database connection timeout after 14190ms | Pool exhausted,staging,api_gateway-0021,2026-06-04 05:32:17.069844,3
783,envoy_proxy,Health check passed | Uptime: 10h | Memory stable,staging,api_gateway-0021,2026-06-04 05:32:17.069940,1
784,envoy_proxy,Database connection pool utilization at 94% | Threshold: 80%,staging,api_gateway-0021,2026-06-04 05:32:17.070529,2
785,payment_container,Database connection pool utilization at 82% | Threshold: 80%,staging,payment_service-0041,2026-06-04 05:33:17.070515,2
786,payment_container,Database connection pool utilization at 86% | Threshold: 80%,staging,payment_service-0041,2026-06-04 05:33:17.069744,2
787,api_gateway_container,Successfully processed request in 59ms | Status 200,production,api_gateway-3301,2026-06-04 05:34:17.069954,1
788,api_gateway_container,Database connection timeout after 10638ms | Pool exhausted,production,api_gateway-3301,2026-06-04 05:34:17.070502,3
789,api_gateway_container,Downstream service payment_service returned HTTP 503 | Retry budget exceeded,production,api_gateway-3301,2026-06-04 05:34:17.070154,3
790,api_gateway_container,Downstream service payment_service returned HTTP 503 | Retry budget exceeded,production,api_gateway-3301,2026-06-04 05:34:17.069904,3
791,api_gateway_container,Health check passed | Uptime: 106h | Memory stable,production,api_gateway-3301,2026-06-04 05:34:17.070328,1
792,payment_container,Response time degradation detected: avg 2956ms over last 60s,staging,payment_service-0041,2026-06-04 05:36:17.070678,2
793,payment_container,Downstream service payment_service returned HTTP 503 | Retry budget exceeded,staging,payment_service-0041,2026-06-04 05:36:17.069768,3
794,payment_container,Successfully processed request in 101ms | Status 200,staging,payment_service-0041,2026-06-04 05:37:17.070595,1
795,payment_container,Successfully processed request in 44ms | Status 200,staging,payment_service-0041,2026-06-04 05:37:17.070472,1
796,payment_container,Successfully processed request in 156ms | Status 200,staging,payment_service-0041,2026-06-04 05:37:17.069760,1
797,payment_container,Downstream service payment_service returned HTTP 503 | Retry budget exceeded,staging,payment_service-0041,2026-06-04 05:37:17.070479,3
798,vault_agent,Database connection pool utilization at 86% | Threshold: 80%,production,payment_service-4401,2026-06-04 05:38:17.070054,2
799,vault_agent,Health check passed | Uptime: 240h | Memory stable,production,payment_service-4401,2026-06-04 05:38:17.070008,1
800,vault_agent,Health check passed | Uptime: 540h | Memory stable,production,payment_service-4401,2026-06-04 05:38:17.070527,1
801,envoy_proxy,Successfully processed request in 111ms | Status 200,production,api_gateway-3301,2026-06-04 05:39:17.070180,1
802,envoy_proxy,Successfully processed request in 2ms | Status 200,production,api_gateway-3301,2026-06-04 05:39:17.070316,1
803,vault_agent,Database connection timeout after 10759ms | Pool exhausted,production,payment_service-4401,2026-06-04 05:40:17.069852,3
804,vault_agent,Downstream service payment_service returned HTTP 503 | Retry budget exceeded,production,payment_service-4401,2026-06-04 05:40:17.069917,3
805,vault_agent,Successfully processed request in 99ms | Status 200,production,payment_service-4401,2026-06-04 05:40:17.070326,1
806,vault_agent,Health check passed | Uptime: 56h | Memory stable,production,payment_service-4401,2026-06-04 05:40:17.070079,1
807,vault_agent,Database connection pool utilization at 76% | Threshold: 80%,production,payment_service-4401,2026-06-04 05:40:17.070198,2
808,vault_agent,Health check passed | Uptime: 277h | Memory stable,production,payment_service-4401,2026-06-04 05:41:17.070397,1
809,vault_agent,Response time degradation detected: avg 4055ms over last 60s,production,payment_service-4401,2026-06-04 05:41:17.070576,2
810,vault_agent,Successfully processed request in 194ms | Status 200,production,payment_service-4401,2026-06-04 05:42:17.069897,1
811,payment_container,Successfully processed request in 4ms | Status 200,staging,payment_service-0041,2026-06-04 05:43:17.070058,1
812,payment_container,Response time degradation detected: avg 2392ms over last 60s,production,payment_service-4401,2026-06-04 05:44:17.070490,2
813,payment_container,Database connection timeout after 19650ms | Pool exhausted,production,payment_service-4401,2026-06-04 05:44:17.070547,3
814,payment_container,Database connection pool utilization at 91% | Threshold: 80%,production,payment_service-4401,2026-06-04 05:44:17.069982,2
815,payment_container,Successfully processed request in 170ms | Status 200,production,payment_service-4401,2026-06-04 05:44:17.070081,1
816,envoy_proxy,Health check passed | Uptime: 255h | Memory stable,production,api_gateway-3301,2026-06-04 05:45:17.069716,1
817,vault_agent,Successfully processed request in 49ms | Status 200,staging,payment_service-0041,2026-06-04 05:47:17.069906,1
818,vault_agent,Successfully processed request in 130ms | Status 200,staging,payment_service-0041,2026-06-04 05:47:17.070680,1
819,vault_agent,Successfully processed request in 135ms | Status 200,staging,payment_service-0041,2026-06-04 05:47:17.070099,1
820,vault_agent,Successfully processed request in 134ms | Status 200,staging,payment_service-0041,2026-06-04 05:47:17.070014,1
821,vault_agent,Health check passed | Uptime: 53h | Memory stable,staging,payment_service-0041,2026-06-04 05:47:17.069904,1
822,vault_agent,Database connection pool utilization at 88% | Threshold: 80%,production,payment_service-4401,2026-06-04 05:48:17.069770,2
823,vault_agent,Successfully processed request in 138ms | Status 200,production,payment_service-4401,2026-06-04 05:48:17.070439,1
824,vault_agent,Health check passed | Uptime: 507h | Memory stable,production,payment_service-4401,2026-06-04 05:48:17.070022,1
825,vault_agent,Response time degradation detected: avg 1362ms over last 60s,production,payment_service-4401,2026-06-04 05:48:17.069916,2
826,vault_agent,Successfully processed request in 59ms | Status 200,production,payment_service-4401,2026-06-04 05:48:17.070119,1
827,payment_container,Database connection timeout after 20618ms | Pool exhausted,production,payment_service-4401,2026-06-04 05:49:17.069856,3
828,envoy_proxy,Successfully processed request in 100ms | Status 200,staging,api_gateway-0021,2026-06-04 05:50:17.069977,1
829,envoy_proxy,Health check passed | Uptime: 710h | Memory stable,staging,api_gateway-0021,2026-06-04 05:50:17.069925,1
830,envoy_proxy,Health check passed | Uptime: 159h | Memory stable,staging,api_gateway-0021,2026-06-04 05:50:17.070153,1
831,envoy_proxy,Database connection timeout after 20169ms | Pool exhausted,staging,api_gateway-0021,2026-06-04 05:50:17.070586,3
832,envoy_proxy,Database connection timeout after 24816ms | Pool exhausted,staging,api_gateway-0021,2026-06-04 05:50:17.070352,3
833,envoy_proxy,Health check passed | Uptime: 153h | Memory stable,staging,api_gateway-0021,2026-06-04 05:51:17.069718,1
834,envoy_proxy,Database connection pool utilization at 83% | Threshold: 80%,staging,api_gateway-0021,2026-06-04 05:51:17.070494,2
835,vault_agent,Downstream service payment_service returned HTTP 503 | Retry budget exceeded,staging,payment_service-0041,2026-06-04 05:52:17.070215,3
836,payment_container,Health check passed | Uptime: 320h | Memory stable,staging,payment_service-0041,2026-06-04 05:53:17.070317,1
837,payment_container,Response time degradation detected: avg 1291ms over last 60s,staging,payment_service-0041,2026-06-04 05:53:17.070559,2
838,payment_container,Health check passed | Uptime: 450h | Memory stable,staging,payment_service-0041,2026-06-04 05:53:17.069973,1
839,api_gateway_container,Successfully processed request in 91ms | Status 200,staging,api_gateway-0021,2026-06-04 05:54:17.070073,1
840,api_gateway_container,Response time degradation detected: avg 4484ms over last 60s,staging,api_gateway-0021,2026-06-04 05:54:17.069978,2
841,api_gateway_container,Successfully processed request in 47ms | Status 200,staging,api_gateway-0021,2026-06-04 05:55:17.070211,1
842,api_gateway_container,Database connection timeout after 10539ms | Pool exhausted,staging,api_gateway-0021,2026-06-04 05:55:17.069995,3
843,api_gateway_container,Health check passed | Uptime: 410h | Memory stable,staging,api_gateway-0021,2026-06-04 05:55:17.069760,1
844,api_gateway_container,Health check passed | Uptime: 212h | Memory stable,staging,api_gateway-0021,2026-06-04 05:56:17.069857,1
845,api_gateway_container,Response time degradation detected: avg 3029ms over last 60s,staging,api_gateway-0021,2026-06-04 05:56:17.069797,2
846,api_gateway_container,Successfully processed request in 140ms | Status 200,staging,api_gateway-0021,2026-06-04 05:56:17.070580,1
847,api_gateway_container,Successfully processed request in 120ms | Status 200,staging,api_gateway-0021,2026-06-04 05:56:17.070021,1
848,vault_agent,Database connection timeout after 22949ms | Pool exhausted,staging,payment_service-0041,2026-06-04 05:58:17.070348,3
849,envoy_proxy,Database connection timeout after 24085ms | Pool exhausted,production,api_gateway-3301,2026-06-04 05:59:17.070083,3
850,envoy_proxy,Downstream service payment_service returned HTTP 503 | Retry budget exceeded,production,api_gateway-3301,2026-06-04 05:59:17.069891,3
851,envoy_proxy,Health check passed | Uptime: 94h | Memory stable,production,api_gateway-3301,2026-06-04 05:59:17.070487,1
852,envoy_proxy,Successfully processed request in 112ms | Status 200,production,api_gateway-3301,2026-06-04 05:59:17.070644,1
853,payment_container,Downstream service payment_service returned HTTP 503 | Retry budget exceeded,production,payment_service-4401,2026-06-04 06:01:17.070138,3
854,payment_container,Health check passed | Uptime: 338h | Memory stable,production,payment_service-4401,2026-06-04 06:01:17.070559,1
855,payment_container,Database connection timeout after 23264ms | Pool exhausted,production,payment_service-4401,2026-06-04 06:01:17.069773,3
856,payment_container,Response time degradation detected: avg 4179ms over last 60s,production,payment_service-4401,2026-06-04 06:01:17.070120,2
857,api_gateway_container,Response time degradation detected: avg 4447ms over last 60s,production,api_gateway-3301,2026-06-04 06:02:17.070285,2
858,api_gateway_container,Health check passed | Uptime: 568h | Memory stable,production,api_gateway-3301,2026-06-04 06:02:17.070432,1
859,api_gateway_container,Downstream service payment_service returned HTTP 503 | Retry budget exceeded,production,api_gateway-3301,2026-06-04 06:02:17.070287,3
860,api_gateway_container,Successfully processed request in 16ms | Status 200,production,api_gateway-3301,2026-06-04 06:02:17.070341,1
861,vault_agent,Database connection timeout after 22389ms | Pool exhausted,production,payment_service-4401,2026-06-04 06:03:17.069699,3
862,vault_agent,Database connection timeout after 25916ms | Pool exhausted,production,payment_service-4401,2026-06-04 06:03:17.069737,3
863,vault_agent,Response time degradation detected: avg 1560ms over last 60s,production,payment_service-4401,2026-06-04 06:03:17.070623,2
864,vault_agent,Database connection pool utilization at 77% | Threshold: 80%,production,payment_service-4401,2026-06-04 06:04:17.069784,2
865,vault_agent,Successfully processed request in 66ms | Status 200,production,payment_service-4401,2026-06-04 06:04:17.069945,1
866,vault_agent,Successfully processed request in 181ms | Status 200,production,payment_service-4401,2026-06-04 06:04:17.069906,1
867,vault_agent,Health check passed | Uptime: 283h | Memory stable,production,payment_service-4401,2026-06-04 06:04:17.070646,1
868,vault_agent,Database connection timeout after 14164ms | Pool exhausted,production,payment_service-4401,2026-06-04 06:04:17.069785,3
869,vault_agent,Health check passed | Uptime: 670h | Memory stable,staging,payment_service-0041,2026-06-04 06:05:17.070052,1
870,vault_agent,Database connection timeout after 26800ms | Pool exhausted,staging,payment_service-0041,2026-06-04 06:05:17.070023,3
871,vault_agent,Health check passed | Uptime: 244h | Memory stable,staging,payment_service-0041,2026-06-04 06:05:17.070180,1
872,vault_agent,Database connection pool utilization at 79% | Threshold: 80%,staging,payment_service-0041,2026-06-04 06:05:17.070496,2
873,api_gateway_container,Database connection timeout after 12361ms | Pool exhausted,staging,api_gateway-0021,2026-06-04 06:06:17.070454,3
874,api_gateway_container,Database connection pool utilization at 75% | Threshold: 80%,staging,api_gateway-0021,2026-06-04 06:06:17.070396,2
875,payment_container,Successfully processed request in 131ms | Status 200,staging,payment_service-0041,2026-06-04 06:07:17.069759,1
876,payment_container,Database connection timeout after 28899ms | Pool exhausted,staging,payment_service-0041,2026-06-04 06:07:17.070678,3
877,payment_container,Health check passed | Uptime: 670h | Memory stable,staging,payment_service-0041,2026-06-04 06:07:17.069791,1
878,payment_container,Health check passed | Uptime: 576h | Memory stable,staging,payment_service-0041,2026-06-04 06:07:17.070102,1
879,payment_container,Health check passed | Uptime: 459h | Memory stable,production,payment_service-4401,2026-06-04 06:08:17.070586,1
880,payment_container,Successfully processed request in 30ms | Status 200,production,payment_service-4401,2026-06-04 06:08:17.070214,1
881,payment_container,Health check passed | Uptime: 592h | Memory stable,production,payment_service-4401,2026-06-04 06:08:17.070005,1
882,payment_container,Downstream service payment_service returned HTTP 503 | Retry budget exceeded,production,payment_service-4401,2026-06-04 06:08:17.070193,3
883,payment_container,Successfully processed request in 88ms | Status 200,production,payment_service-4401,2026-06-04 06:09:17.070109,1
884,payment_container,Health check passed | Uptime: 338h | Memory stable,production,payment_service-4401,2026-06-04 06:09:17.070482,1
885,payment_container,Successfully processed request in 17ms | Status 200,production,payment_service-4401,2026-06-04 06:09:17.070582,1
886,payment_container,Database connection timeout after 18504ms | Pool exhausted,production,payment_service-4401,2026-06-04 06:09:17.070274,3
887,vault_agent,Downstream service payment_service returned HTTP 503 | Retry budget exceeded,production,payment_service-4401,2026-06-04 06:10:17.069698,3
888,vault_agent,Successfully processed request in 80ms | Status 200,production,payment_service-4401,2026-06-04 06:10:17.069839,1
889,vault_agent,Database connection pool utilization at 82% | Threshold: 80%,production,payment_service-4401,2026-06-04 06:10:17.069848,2
890,envoy_proxy,Health check passed | Uptime: 152h | Memory stable,staging,api_gateway-0021,2026-06-04 06:11:17.070100,1
891,envoy_proxy,Database connection pool utilization at 75% | Threshold: 80%,staging,api_gateway-0021,2026-06-04 06:11:17.070113,2
892,envoy_proxy,Successfully processed request in 128ms | Status 200,staging,api_gateway-0021,2026-06-04 06:11:17.070591,1
893,api_gateway_container,Database connection timeout after 18155ms | Pool exhausted,staging,api_gateway-0021,2026-06-04 06:12:17.070293,3
894,api_gateway_container,Successfully processed request in 133ms | Status 200,staging,api_gateway-0021,2026-06-04 06:12:17.070268,1
895,envoy_proxy,Successfully processed request in 172ms | Status 200,production,api_gateway-3301,2026-06-04 06:14:17.070472,1
896,envoy_proxy,Successfully processed request in 86ms | Status 200,production,api_gateway-3301,2026-06-04 06:14:17.069818,1
897,envoy_proxy,Database connection timeout after 16725ms | Pool exhausted,production,api_gateway-3301,2026-06-04 06:14:17.070201,3
898,envoy_proxy,Successfully processed request in 146ms | Status 200,production,api_gateway-3301,2026-06-04 06:14:17.070020,1
899,envoy_proxy,Successfully processed request in 128ms | Status 200,production,api_gateway-3301,2026-06-04 06:15:17.070102,1
900,vault_agent,Health check passed | Uptime: 275h | Memory stable,production,payment_service-4401,2026-06-04 06:20:17.070166,1
901,vault_agent,Successfully processed request in 150ms | Status 200,production,payment_service-4401,2026-06-04 06:20:17.070162,1
902,api_gateway_container,Response time degradation detected: avg 2878ms over last 60s,production,api_gateway-3301,2026-06-04 06:21:17.070551,2
903,api_gateway_container,Health check passed | Uptime: 624h | Memory stable,production,api_gateway-3301,2026-06-04 06:21:17.070658,1
904,api_gateway_container,Database connection pool utilization at 94% | Threshold: 80%,production,api_gateway-3301,2026-06-04 06:21:17.070270,2
905,api_gateway_container,Downstream service payment_service returned HTTP 503 | Retry budget exceeded,production,api_gateway-3301,2026-06-04 06:21:17.070047,3
906,payment_container,Health check passed | Uptime: 475h | Memory stable,staging,payment_service-0041,2026-06-04 06:22:17.070537,1
907,vault_agent,Successfully processed request in 151ms | Status 200,staging,payment_service-0041,2026-06-04 06:23:17.070656,1
908,vault_agent,Response time degradation detected: avg 2510ms over last 60s,staging,payment_service-0041,2026-06-04 06:23:17.070159,2
909,envoy_proxy,Health check passed | Uptime: 225h | Memory stable,staging,api_gateway-0021,2026-06-04 06:25:17.070085,1
910,vault_agent,Response time degradation detected: avg 4654ms over last 60s,staging,payment_service-0041,2026-06-04 06:26:17.069853,2
911,vault_agent,Database connection timeout after 29660ms | Pool exhausted,staging,payment_service-0041,2026-06-04 06:26:17.070213,3
912,vault_agent,Database connection timeout after 13672ms | Pool exhausted,staging,payment_service-0041,2026-06-04 06:26:17.069908,3
913,vault_agent,Database connection timeout after 17415ms | Pool exhausted,staging,payment_service-0041,2026-06-04 06:26:17.069948,3
914,vault_agent,Health check passed | Uptime: 497h | Memory stable,staging,payment_service-0041,2026-06-04 06:26:17.070496,1
915,envoy_proxy,Health check passed | Uptime: 465h | Memory stable,production,api_gateway-3301,2026-06-04 06:27:17.070230,1
916,envoy_proxy,Downstream service payment_service returned HTTP 503 | Retry budget exceeded,production,api_gateway-3301,2026-06-04 06:27:17.070122,3
917,payment_container,Successfully processed request in 1ms | Status 200,staging,payment_service-0041,2026-06-04 06:28:17.070666,1
918,payment_container,Database connection timeout after 21008ms | Pool exhausted,staging,payment_service-0041,2026-06-04 06:28:17.070357,3
919,payment_container,Health check passed | Uptime: 296h | Memory stable,staging,payment_service-0041,2026-06-04 06:28:17.069805,1
920,payment_container,Successfully processed request in 48ms | Status 200,staging,payment_service-0041,2026-06-04 06:28:17.070664,1
921,payment_container,Database connection pool utilization at 86% | Threshold: 80%,staging,payment_service-0041,2026-06-04 06:28:17.070667,2
922,envoy_proxy,Successfully processed request in 94ms | Status 200,staging,api_gateway-0021,2026-06-04 06:29:17.070065,1
923,envoy_proxy,Database connection timeout after 20392ms | Pool exhausted,staging,api_gateway-0021,2026-06-04 06:29:17.069788,3
924,envoy_proxy,Health check passed | Uptime: 198h | Memory stable,staging,api_gateway-0021,2026-06-04 06:29:17.070649,1
925,envoy_proxy,Downstream service payment_service returned HTTP 503 | Retry budget exceeded,staging,api_gateway-0021,2026-06-04 06:29:17.069868,3
926,envoy_proxy,Database connection timeout after 15085ms | Pool exhausted,staging,api_gateway-0021,2026-06-04 06:29:17.070529,3
927,envoy_proxy,Downstream service payment_service returned HTTP 503 | Retry budget exceeded,production,api_gateway-3301,2026-06-04 06:30:17.070247,3
928,envoy_proxy,Successfully processed request in 119ms | Status 200,production,api_gateway-3301,2026-06-04 06:30:17.069838,1
929,envoy_proxy,Downstream service payment_service returned HTTP 503 | Retry budget exceeded,production,api_gateway-3301,2026-06-04 06:30:17.070447,3
930,envoy_proxy,Successfully processed request in 101ms | Status 200,staging,api_gateway-0021,2026-06-04 06:32:17.070441,1
931,envoy_proxy,Health check passed | Uptime: 12h | Memory stable,staging,api_gateway-0021,2026-06-04 06:32:17.070157,1
932,envoy_proxy,Downstream service payment_service returned HTTP 503 | Retry budget exceeded,staging,api_gateway-0021,2026-06-04 06:32:17.070280,3
933,envoy_proxy,Successfully processed request in 32ms | Status 200,staging,api_gateway-0021,2026-06-04 06:32:17.070341,1
934,envoy_proxy,Response time degradation detected: avg 3473ms over last 60s,staging,api_gateway-0021,2026-06-04 06:32:17.069706,2
935,envoy_proxy,Database connection pool utilization at 91% | Threshold: 80%,staging,api_gateway-0021,2026-06-04 06:33:17.069995,2
936,envoy_proxy,Successfully processed request in 51ms | Status 200,staging,api_gateway-0021,2026-06-04 06:33:17.070291,1
937,envoy_proxy,Health check passed | Uptime: 53h | Memory stable,staging,api_gateway-0021,2026-06-04 06:33:17.070230,1
938,envoy_proxy,Database connection timeout after 29786ms | Pool exhausted,staging,api_gateway-0021,2026-06-04 06:34:17.070539,3
939,envoy_proxy,Health check passed | Uptime: 299h | Memory stable,staging,api_gateway-0021,2026-06-04 06:34:17.070371,1
940,envoy_proxy,Database connection pool utilization at 85% | Threshold: 80%,staging,api_gateway-0021,2026-06-04 06:34:17.069911,2
941,api_gateway_container,Response time degradation detected: avg 3012ms over last 60s,production,api_gateway-3301,2026-06-04 06:35:17.070510,2
942,api_gateway_container,Health check passed | Uptime: 126h | Memory stable,production,api_gateway-3301,2026-06-04 06:35:17.069753,1
943,api_gateway_container,Successfully processed request in 195ms | Status 200,production,api_gateway-3301,2026-06-04 06:35:17.069818,1
944,api_gateway_container,Successfully processed request in 76ms | Status 200,production,api_gateway-3301,2026-06-04 06:35:17.070131,1
945,api_gateway_container,Health check passed | Uptime: 550h | Memory stable,production,api_gateway-3301,2026-06-04 06:36:17.069717,1
946,api_gateway_container,Successfully processed request in 114ms | Status 200,production,api_gateway-3301,2026-06-04 06:36:17.069723,1
947,api_gateway_container,Successfully processed request in 6ms | Status 200,production,api_gateway-3301,2026-06-04 06:36:17.069963,1
948,vault_agent,Health check passed | Uptime: 600h | Memory stable,production,payment_service-4401,2026-06-04 06:38:17.069716,1
949,vault_agent,Downstream service payment_service returned HTTP 503 | Retry budget exceeded,production,payment_service-4401,2026-06-04 06:38:17.070571,3
950,vault_agent,Response time degradation detected: avg 3967ms over last 60s,production,payment_service-4401,2026-06-04 06:38:17.070029,2
951,vault_agent,Health check passed | Uptime: 670h | Memory stable,production,payment_service-4401,2026-06-04 06:38:17.069964,1
952,vault_agent,Successfully processed request in 7ms | Status 200,production,payment_service-4401,2026-06-04 06:38:17.069718,1
953,vault_agent,Database connection pool utilization at 90% | Threshold: 80%,production,payment_service-4401,2026-06-04 06:39:17.070660,2
954,api_gateway_container,Database connection timeout after 15444ms | Pool exhausted,production,api_gateway-3301,2026-06-04 06:40:17.070130,3
955,api_gateway_container,Response time degradation detected: avg 509ms over last 60s,production,api_gateway-3301,2026-06-04 06:40:17.069877,2
956,api_gateway_container,Database connection pool utilization at 91% | Threshold: 80%,production,api_gateway-3301,2026-06-04 06:40:17.070502,2
957,vault_agent,Database connection pool utilization at 81% | Threshold: 80%,staging,payment_service-0041,2026-06-04 06:41:17.070493,2
958,vault_agent,Downstream service payment_service returned HTTP 503 | Retry budget exceeded,staging,payment_service-0041,2026-06-04 06:41:17.070680,3
959,vault_agent,Health check passed | Uptime: 663h | Memory stable,staging,payment_service-0041,2026-06-04 06:41:17.069762,1
960,vault_agent,Successfully processed request in 94ms | Status 200,staging,payment_service-0041,2026-06-04 06:41:17.069854,1
961,vault_agent,Health check passed | Uptime: 494h | Memory stable,staging,payment_service-0041,2026-06-04 06:41:17.070354,1
962,vault_agent,Successfully processed request in 69ms | Status 200,production,payment_service-4401,2026-06-04 06:42:17.070234,1
963,vault_agent,Successfully processed request in 85ms | Status 200,production,payment_service-4401,2026-06-04 06:42:17.070140,1
964,vault_agent,Downstream service payment_service returned HTTP 503 | Retry budget exceeded,production,payment_service-4401,2026-06-04 06:42:17.069868,3
965,payment_container,Health check passed | Uptime: 324h | Memory stable,staging,payment_service-0041,2026-06-04 06:43:17.070186,1
966,envoy_proxy,Successfully processed request in 104ms | Status 200,staging,api_gateway-0021,2026-06-04 06:46:17.070621,1
967,envoy_proxy,Database connection pool utilization at 88% | Threshold: 80%,staging,api_gateway-0021,2026-06-04 06:46:17.070317,2
968,envoy_proxy,Successfully processed request in 66ms | Status 200,staging,api_gateway-0021,2026-06-04 06:46:17.070146,1
969,api_gateway_container,Health check passed | Uptime: 147h | Memory stable,production,api_gateway-3301,2026-06-04 06:47:17.070338,1
970,api_gateway_container,Database connection pool utilization at 91% | Threshold: 80%,production,api_gateway-3301,2026-06-04 06:47:17.070591,2
971,api_gateway_container,Successfully processed request in 167ms | Status 200,production,api_gateway-3301,2026-06-04 06:47:17.070337,1
972,api_gateway_container,Successfully processed request in 119ms | Status 200,production,api_gateway-3301,2026-06-04 06:47:17.070600,1
973,api_gateway_container,Database connection pool utilization at 85% | Threshold: 80%,production,api_gateway-3301,2026-06-04 06:48:17.070545,2
974,api_gateway_container,Successfully processed request in 148ms | Status 200,production,api_gateway-3301,2026-06-04 06:48:17.070136,1
975,api_gateway_container,Database connection timeout after 6184ms | Pool exhausted,production,api_gateway-3301,2026-06-04 06:48:17.070652,3
976,api_gateway_container,Response time degradation detected: avg 4543ms over last 60s,production,api_gateway-3301,2026-06-04 06:48:17.070627,2
977,api_gateway_container,Downstream service payment_service returned HTTP 503 | Retry budget exceeded,production,api_gateway-3301,2026-06-04 06:48:17.070455,3
978,payment_container,Database connection pool utilization at 80% | Threshold: 80%,production,payment_service-4401,2026-06-04 06:49:17.070579,2
979,payment_container,Database connection timeout after 4952ms | Pool exhausted,production,payment_service-4401,2026-06-04 06:49:17.070291,3
980,payment_container,Database connection timeout after 12304ms | Pool exhausted,production,payment_service-4401,2026-06-04 06:49:17.070491,3
981,payment_container,Successfully processed request in 15ms | Status 200,production,payment_service-4401,2026-06-04 06:49:17.069753,1
982,payment_container,Successfully processed request in 176ms | Status 200,production,payment_service-4401,2026-06-04 06:49:17.070213,1
983,envoy_proxy,Database connection timeout after 12824ms | Pool exhausted,staging,api_gateway-0021,2026-06-04 06:50:17.070508,3
984,envoy_proxy,Health check passed | Uptime: 664h | Memory stable,staging,api_gateway-0021,2026-06-04 06:50:17.070657,1
985,envoy_proxy,Successfully processed request in 142ms | Status 200,staging,api_gateway-0021,2026-06-04 06:50:17.070379,1
986,envoy_proxy,Health check passed | Uptime: 451h | Memory stable,staging,api_gateway-0021,2026-06-04 06:50:17.070632,1
987,envoy_proxy,Downstream service payment_service returned HTTP 503 | Retry budget exceeded,staging,api_gateway-0021,2026-06-04 06:50:17.070442,3
988,envoy_proxy,Database connection pool utilization at 77% | Threshold: 80%,staging,api_gateway-0021,2026-06-04 06:51:17.069689,2
989,payment_container,Health check passed | Uptime: 292h | Memory stable,production,payment_service-4401,2026-06-04 06:52:17.070641,1
990,payment_container,Successfully processed request in 154ms | Status 200,production,payment_service-4401,2026-06-04 06:52:17.069773,1
991,payment_container,Successfully processed request in 194ms | Status 200,production,payment_service-4401,2026-06-04 06:52:17.070232,1
992,payment_container,Health check passed | Uptime: 619h | Memory stable,production,payment_service-4401,2026-06-04 06:52:17.070078,1
993,vault_agent,Health check passed | Uptime: 433h | Memory stable,production,payment_service-4401,2026-06-04 06:53:17.070557,1
994,envoy_proxy,Successfully processed request in 196ms | Status 200,production,api_gateway-3301,2026-06-04 06:55:17.070185,1
995,envoy_proxy,Successfully processed request in 111ms | Status 200,production,api_gateway-3301,2026-06-04 06:55:17.069929,1
996,envoy_proxy,Response time degradation detected: avg 3897ms over last 60s,production,api_gateway-3301,2026-06-04 06:55:17.070477,2
997,payment_container,Response time degradation detected: avg 3607ms over last 60s,staging,payment_service-0041,2026-06-04 06:56:17.070572,2
998,payment_container,Health check passed | Uptime: 185h | Memory stable,staging,payment_service-0041,2026-06-04 06:56:17.069816,1
999,vault_agent,Successfully processed request in 191ms | Status 200,staging,payment_service-0041,2026-06-04 06:57:17.070458,1
1000,vault_agent,Successfully processed request in 162ms | Status 200,staging,payment_service-0041,2026-06-04 06:57:17.070030,1
1001,payment_container,Successfully processed request in 15ms | Status 200,staging,payment_service-0041,2026-06-04 06:59:17.070457,1
1002,payment_container,Database connection timeout after 11418ms | Pool exhausted,staging,payment_service-0041,2026-06-04 06:59:17.070084,3
1003,payment_container,Successfully processed request in 27ms | Status 200,staging,payment_service-0041,2026-06-04 06:59:17.070138,1
1004,vault_agent,Database connection timeout after 12201ms | Pool exhausted,production,payment_service-4401,2026-06-04 07:00:17.070079,3
1005,vault_agent,Successfully processed request in 93ms | Status 200,production,payment_service-4401,2026-06-04 07:00:17.070183,1
1006,envoy_proxy,Health check passed | Uptime: 133h | Memory stable,staging,api_gateway-0021,2026-06-04 07:01:17.070335,1
1007,envoy_proxy,Successfully processed request in 7ms | Status 200,staging,api_gateway-0021,2026-06-04 07:01:17.070008,1
1008,envoy_proxy,Response time degradation detected: avg 1944ms over last 60s,production,api_gateway-3301,2026-06-04 07:02:17.070660,2
1009,envoy_proxy,Database connection timeout after 9118ms | Pool exhausted,production,api_gateway-3301,2026-06-04 07:02:17.070288,3
1010,envoy_proxy,Successfully processed request in 140ms | Status 200,production,api_gateway-3301,2026-06-04 07:02:17.070093,1
1011,envoy_proxy,Response time degradation detected: avg 2663ms over last 60s,production,api_gateway-3301,2026-06-04 07:02:17.070123,2
1012,envoy_proxy,Successfully processed request in 46ms | Status 200,production,api_gateway-3301,2026-06-04 07:02:17.070546,1
1013,envoy_proxy,Database connection pool utilization at 80% | Threshold: 80%,staging,api_gateway-0021,2026-06-04 07:03:17.070412,2
1014,envoy_proxy,Health check passed | Uptime: 230h | Memory stable,staging,api_gateway-0021,2026-06-04 07:03:17.070022,1
1015,envoy_proxy,Database connection pool utilization at 76% | Threshold: 80%,staging,api_gateway-0021,2026-06-04 07:03:17.069976,2
1016,payment_container,Database connection timeout after 6374ms | Pool exhausted,production,payment_service-4401,2026-06-04 07:04:17.069938,3
1017,payment_container,Database connection timeout after 21764ms | Pool exhausted,production,payment_service-4401,2026-06-04 07:04:17.070486,3
1018,payment_container,Database connection timeout after 12310ms | Pool exhausted,production,payment_service-4401,2026-06-04 07:04:17.070408,3
1019,payment_container,Response time degradation detected: avg 1229ms over last 60s,production,payment_service-4401,2026-06-04 07:04:17.070561,2
1020,api_gateway_container,Successfully processed request in 127ms | Status 200,production,api_gateway-3301,2026-06-04 07:05:17.070151,1
1021,api_gateway_container,Successfully processed request in 14ms | Status 200,production,api_gateway-3301,2026-06-04 07:05:17.070579,1
1022,api_gateway_container,Health check passed | Uptime: 656h | Memory stable,production,api_gateway-3301,2026-06-04 07:05:17.069944,1
1023,envoy_proxy,Response time degradation detected: avg 4262ms over last 60s,production,api_gateway-3301,2026-06-04 07:06:17.069816,2
1024,api_gateway_container,Successfully processed request in 44ms | Status 200,staging,api_gateway-0021,2026-06-04 07:07:17.070393,1
1025,payment_container,Health check passed | Uptime: 575h | Memory stable,staging,payment_service-0041,2026-06-04 07:08:17.070036,1
1026,payment_container,Successfully processed request in 141ms | Status 200,staging,payment_service-0041,2026-06-04 07:08:17.069857,1
1027,payment_container,Downstream service payment_service returned HTTP 503 | Retry budget exceeded,staging,payment_service-0041,2026-06-04 07:08:17.070231,3
1028,payment_container,Downstream service payment_service returned HTTP 503 | Retry budget exceeded,staging,payment_service-0041,2026-06-04 07:08:17.070472,3
1029,envoy_proxy,Health check passed | Uptime: 463h | Memory stable,staging,api_gateway-0021,2026-06-04 07:09:17.069757,1
1030,envoy_proxy,Database connection timeout after 5662ms | Pool exhausted,staging,api_gateway-0021,2026-06-04 07:09:17.070432,3
1031,envoy_proxy,Successfully processed request in 3ms | Status 200,staging,api_gateway-0021,2026-06-04 07:09:17.070169,1
1032,api_gateway_container,Response time degradation detected: avg 740ms over last 60s,production,api_gateway-3301,2026-06-04 07:09:46.997719,2
1033,api_gateway_container,Database connection pool utilization at 84% | Threshold: 80%,production,api_gateway-3301,2026-06-04 07:09:46.998167,2
1034,api_gateway_container,Health check passed | Uptime: 669h | Memory stable,production,api_gateway-3301,2026-06-04 07:09:46.998196,1
1035,envoy_proxy,Database connection timeout after 17932ms | Pool exhausted,production,api_gateway-3301,2026-06-04 07:09:52.968181,3
1036,envoy_proxy,Successfully processed request in 123ms | Status 200,production,api_gateway-3301,2026-06-04 07:09:52.968970,1
1037,envoy_proxy,Database connection timeout after 14133ms | Pool exhausted,production,api_gateway-3301,2026-06-04 07:09:52.968919,3
1038,envoy_proxy,Successfully processed request in 89ms | Status 200,production,api_gateway-3301,2026-06-04 07:09:52.968305,1
1039,envoy_proxy,Downstream service payment_service returned HTTP 503 | Retry budget exceeded,production,api_gateway-3301,2026-06-04 07:09:55.973233,3
1040,envoy_proxy,Successfully processed request in 163ms | Status 200,production,api_gateway-3301,2026-06-04 07:09:55.973394,1
1041,envoy_proxy,Health check passed | Uptime: 246h | Memory stable,production,api_gateway-3301,2026-06-04 07:09:55.973064,1
1042,api_gateway_container,Response time degradation detected: avg 3940ms over last 60s,production,api_gateway-3301,2026-06-04 07:09:58.965754,2
1043,api_gateway_container,Database connection timeout after 9963ms | Pool exhausted,production,api_gateway-3301,2026-06-04 07:09:58.965721,3
1044,api_gateway_container,Downstream service payment_service returned HTTP 503 | Retry budget exceeded,production,api_gateway-3301,2026-06-04 07:09:58.965559,3
1045,api_gateway_container,Health check passed | Uptime: 608h | Memory stable,staging,api_gateway-0021,2026-06-04 07:10:01.975549,1
1046,api_gateway_container,Successfully processed request in 157ms | Status 200,staging,api_gateway-0021,2026-06-04 07:10:01.975861,1
1047,api_gateway_container,Health check passed | Uptime: 466h | Memory stable,staging,api_gateway-0021,2026-06-04 07:10:01.975762,1
1048,api_gateway_container,Successfully processed request in 74ms | Status 200,staging,api_gateway-0021,2026-06-04 07:10:01.975292,1
1049,vault_agent,Health check passed | Uptime: 631h | Memory stable,production,payment_service-4401,2026-06-04 07:10:04.969052,1
1050,vault_agent,Successfully processed request in 62ms | Status 200,production,payment_service-4401,2026-06-04 07:10:04.968867,1
1051,envoy_proxy,Database connection timeout after 18070ms | Pool exhausted,production,api_gateway-3301,2026-06-04 07:10:07.972465,3
1052,vault_agent,Database connection timeout after 25321ms | Pool exhausted,staging,payment_service-0041,2026-06-04 07:10:10.967294,3
1053,vault_agent,Database connection timeout after 24173ms | Pool exhausted,staging,payment_service-0041,2026-06-04 07:10:10.967850,3
1054,envoy_proxy,Successfully processed request in 144ms | Status 200,staging,api_gateway-0021,2026-06-04 07:10:13.976017,1
1055,envoy_proxy,Successfully processed request in 8ms | Status 200,staging,api_gateway-0021,2026-06-04 07:10:13.976712,1
1056,api_gateway_container,Health check passed | Uptime: 25h | Memory stable,staging,api_gateway-0021,2026-06-04 07:10:16.970246,1
1057,api_gateway_container,Database connection pool utilization at 90% | Threshold: 80%,staging,api_gateway-0021,2026-06-04 07:10:16.969730,2
1058,api_gateway_container,Health check passed | Uptime: 189h | Memory stable,staging,api_gateway-0021,2026-06-04 07:10:16.969548,1
1059,api_gateway_container,Successfully processed request in 66ms | Status 200,staging,api_gateway-0021,2026-06-04 07:10:16.970210,1
1060,api_gateway_container,Health check passed | Uptime: 592h | Memory stable,staging,api_gateway-0021,2026-06-04 07:10:16.969619,1
1061,api_gateway_container,Response time degradation detected: avg 3407ms over last 60s,production,api_gateway-3301,2026-06-04 07:10:19.976540,2
1062,api_gateway_container,Health check passed | Uptime: 308h | Memory stable,production,api_gateway-3301,2026-06-04 07:10:19.976662,1
1063,api_gateway_container,Successfully processed request in 40ms | Status 200,production,api_gateway-3301,2026-06-04 07:10:19.976670,1
1064,api_gateway_container,Database connection pool utilization at 86% | Threshold: 80%,staging,api_gateway-0021,2026-06-04 07:10:22.970608,2
1065,vault_agent,Health check passed | Uptime: 522h | Memory stable,staging,payment_service-0041,2026-06-04 07:10:25.968864,1
1066,vault_agent,Database connection timeout after 29315ms | Pool exhausted,staging,payment_service-0041,2026-06-04 07:10:25.968987,3
1067,vault_agent,Database connection timeout after 16682ms | Pool exhausted,production,payment_service-4401,2026-06-04 07:10:28.973610,3
1068,vault_agent,Health check passed | Uptime: 300h | Memory stable,production,payment_service-4401,2026-06-04 07:10:28.973132,1
1069,vault_agent,Downstream service payment_service returned HTTP 503 | Retry budget exceeded,production,payment_service-4401,2026-06-04 07:10:28.973613,3
1070,vault_agent,Successfully processed request in 174ms | Status 200,production,payment_service-4401,2026-06-04 07:10:28.973431,1
1071,vault_agent,Downstream service payment_service returned HTTP 503 | Retry budget exceeded,production,payment_service-4401,2026-06-04 07:10:34.970079,3
1072,vault_agent,Health check passed | Uptime: 334h | Memory stable,production,payment_service-4401,2026-06-04 07:10:34.970631,1
1073,payment_container,Response time degradation detected: avg 4855ms over last 60s,production,payment_service-4401,2026-06-04 07:10:37.977369,2
1074,payment_container,Successfully processed request in 43ms | Status 200,production,payment_service-4401,2026-06-04 07:10:37.976920,1
1075,payment_container,Database connection timeout after 23396ms | Pool exhausted,production,payment_service-4401,2026-06-04 07:10:37.977078,3
1076,vault_agent,Successfully processed request in 11ms | Status 200,staging,payment_service-0041,2026-06-04 07:10:40.976038,1
1077,api_gateway_container,Successfully processed request in 95ms | Status 200,production,api_gateway-3301,2026-06-04 07:10:43.969549,1
1078,api_gateway_container,Successfully processed request in 69ms | Status 200,production,api_gateway-3301,2026-06-04 07:10:43.970275,1
1079,api_gateway_container,Health check passed | Uptime: 296h | Memory stable,production,api_gateway-3301,2026-06-04 07:10:43.969352,1
1080,api_gateway_container,Database connection timeout after 13579ms | Pool exhausted,production,api_gateway-3301,2026-06-04 07:10:43.970019,3
1081,api_gateway_container,Health check passed | Uptime: 655h | Memory stable,production,api_gateway-3301,2026-06-04 07:10:43.969822,1
1082,vault_agent,Downstream service payment_service returned HTTP 503 | Retry budget exceeded,production,payment_service-4401,2026-06-04 07:10:46.977590,3
1083,vault_agent,Health check passed | Uptime: 104h | Memory stable,production,payment_service-4401,2026-06-04 07:10:46.977648,1
1084,api_gateway_container,Health check passed | Uptime: 630h | Memory stable,staging,api_gateway-0021,2026-06-04 07:10:49.971099,1
1085,api_gateway_container,Downstream service payment_service returned HTTP 503 | Retry budget exceeded,staging,api_gateway-0021,2026-06-04 07:10:49.970386,3
1086,api_gateway_container,Health check passed | Uptime: 520h | Memory stable,staging,api_gateway-0021,2026-06-04 07:10:49.971110,1
1087,api_gateway_container,Successfully processed request in 49ms | Status 200,staging,api_gateway-0021,2026-06-04 07:10:49.970525,1
1088,api_gateway_container,Successfully processed request in 1ms | Status 200,staging,api_gateway-0021,2026-06-04 07:10:52.976584,1
1089,api_gateway_container,Health check passed | Uptime: 448h | Memory stable,staging,api_gateway-0021,2026-06-04 07:10:58.977012,1
1090,api_gateway_container,Response time degradation detected: avg 2061ms over last 60s,staging,api_gateway-0021,2026-06-04 07:10:58.976577,2
1091,api_gateway_container,Downstream service payment_service returned HTTP 503 | Retry budget exceeded,staging,api_gateway-0021,2026-06-04 07:10:58.977426,3
1092,vault_agent,Downstream service payment_service returned HTTP 503 | Retry budget exceeded,production,payment_service-4401,2026-06-04 07:11:01.978290,3
1093,vault_agent,Response time degradation detected: avg 4723ms over last 60s,production,payment_service-4401,2026-06-04 07:11:01.977816,2
1094,vault_agent,Successfully processed request in 109ms | Status 200,production,payment_service-4401,2026-06-04 07:11:01.977913,1
1095,vault_agent,Response time degradation detected: avg 3069ms over last 60s,production,payment_service-4401,2026-06-04 07:11:01.978252,2
1096,vault_agent,Downstream service payment_service returned HTTP 503 | Retry budget exceeded,production,payment_service-4401,2026-06-04 07:11:01.978285,3
1097,payment_container,Downstream service payment_service returned HTTP 503 | Retry budget exceeded,staging,payment_service-0041,2026-06-04 07:11:04.975561,3
1098,payment_container,Successfully processed request in 150ms | Status 200,staging,payment_service-0041,2026-06-04 07:11:04.975937,1
1099,payment_container,Successfully processed request in 127ms | Status 200,staging,payment_service-0041,2026-06-04 07:11:04.975506,1
1100,payment_container,Successfully processed request in 194ms | Status 200,staging,payment_service-0041,2026-06-04 07:11:04.975914,1
1101,api_gateway_container,Downstream service payment_service returned HTTP 503 | Retry budget exceeded,staging,api_gateway-0021,2026-06-04 07:11:10.970161,3
1102,api_gateway_container,Database connection pool utilization at 80% | Threshold: 80%,staging,api_gateway-0021,2026-06-04 07:11:10.970047,2
1103,api_gateway_container,Health check passed | Uptime: 298h | Memory stable,staging,api_gateway-0021,2026-06-04 07:11:10.970678,1
1104,envoy_proxy,Health check passed | Uptime: 95h | Memory stable,staging,api_gateway-0021,2026-06-04 07:11:13.966820,1
1105,api_gateway_container,Successfully processed request in 192ms | Status 200,production,api_gateway-3301,2026-06-04 07:11:19.971467,1
1106,api_gateway_container,Database connection timeout after 27631ms | Pool exhausted,production,api_gateway-3301,2026-06-04 07:11:19.972074,3
1107,api_gateway_container,Successfully processed request in 160ms | Status 200,production,api_gateway-3301,2026-06-04 07:11:19.971765,1
1108,vault_agent,Successfully processed request in 146ms | Status 200,staging,payment_service-0041,2026-06-04 07:11:22.969456,1
1109,payment_container,Health check passed | Uptime: 434h | Memory stable,production,payment_service-4401,2026-06-04 07:11:25.973424,1
1110,payment_container,Successfully processed request in 157ms | Status 200,production,payment_service-4401,2026-06-04 07:11:25.973896,1
1111,payment_container,Database connection pool utilization at 85% | Threshold: 80%,production,payment_service-4401,2026-06-04 07:11:25.973649,2
1112,payment_container,Health check passed | Uptime: 318h | Memory stable,production,payment_service-4401,2026-06-04 07:11:25.973467,1
1113,payment_container,Database connection timeout after 8841ms | Pool exhausted,production,payment_service-4401,2026-06-04 07:11:25.973326,3
1114,api_gateway_container,Downstream service payment_service returned HTTP 503 | Retry budget exceeded,production,api_gateway-3301,2026-06-04 07:11:28.973200,3
1115,api_gateway_container,Successfully processed request in 58ms | Status 200,production,api_gateway-3301,2026-06-04 07:11:28.972770,1
1116,api_gateway_container,Response time degradation detected: avg 742ms over last 60s,production,api_gateway-3301,2026-06-04 07:11:28.972637,2
1117,api_gateway_container,Database connection timeout after 24038ms | Pool exhausted,production,api_gateway-3301,2026-06-04 07:11:28.972678,3
1118,api_gateway_container,Downstream service payment_service returned HTTP 503 | Retry budget exceeded,production,api_gateway-3301,2026-06-04 07:11:28.973309,3
1119,vault_agent,Response time degradation detected: avg 2648ms over last 60s,production,payment_service-4401,2026-06-04 07:11:31.978796,2
1120,vault_agent,Health check passed | Uptime: 161h | Memory stable,production,payment_service-4401,2026-06-04 07:11:31.979118,1
1121,vault_agent,Database connection pool utilization at 91% | Threshold: 80%,production,payment_service-4401,2026-06-04 07:11:31.978440,2
1122,vault_agent,Database connection pool utilization at 91% | Threshold: 80%,production,payment_service-4401,2026-06-04 07:11:31.978854,2
1123,vault_agent,Response time degradation detected: avg 1519ms over last 60s,production,payment_service-4401,2026-06-04 07:11:31.978809,2
1124,vault_agent,Response time degradation detected: avg 4274ms over last 60s,staging,payment_service-0041,2026-06-04 07:11:34.974667,2
1125,vault_agent,Downstream service payment_service returned HTTP 503 | Retry budget exceeded,staging,payment_service-0041,2026-06-04 07:11:34.974517,3
1126,vault_agent,Successfully processed request in 161ms | Status 200,staging,payment_service-0041,2026-06-04 07:11:34.974594,1
1127,vault_agent,Database connection pool utilization at 82% | Threshold: 80%,staging,payment_service-0041,2026-06-04 07:11:34.975012,2
1128,vault_agent,Response time degradation detected: avg 3923ms over last 60s,staging,payment_service-0041,2026-06-04 07:11:34.974157,2
1129,envoy_proxy,Successfully processed request in 8ms | Status 200,production,api_gateway-3301,2026-06-04 07:11:37.979541,1
1130,envoy_proxy,Database connection timeout after 25150ms | Pool exhausted,production,api_gateway-3301,2026-06-04 07:11:37.978791,3
1131,envoy_proxy,Downstream service payment_service returned HTTP 503 | Retry budget exceeded,production,api_gateway-3301,2026-06-04 07:11:37.979454,3
1132,envoy_proxy,Database connection timeout after 12219ms | Pool exhausted,production,api_gateway-3301,2026-06-04 07:11:37.979173,3
1133,payment_container,Response time degradation detected: avg 1954ms over last 60s,production,payment_service-4401,2026-06-04 07:11:40.971155,2
1134,payment_container,Successfully processed request in 190ms | Status 200,production,payment_service-4401,2026-06-04 07:11:40.971416,1
1135,payment_container,Health check passed | Uptime: 143h | Memory stable,production,payment_service-4401,2026-06-04 07:11:40.971363,1
1136,api_gateway_container,Downstream service payment_service returned HTTP 503 | Retry budget exceeded,production,api_gateway-3301,2026-06-04 07:11:43.964153,3
1137,api_gateway_container,Database connection pool utilization at 89% | Threshold: 80%,production,api_gateway-3301,2026-06-04 07:11:43.964174,2
1138,api_gateway_container,Database connection timeout after 17594ms | Pool exhausted,production,api_gateway-3301,2026-06-04 07:11:43.964036,3
1139,vault_agent,Database connection timeout after 29385ms | Pool exhausted,production,payment_service-4401,2026-06-04 07:11:46.967920,3
1140,vault_agent,Database connection timeout after 29573ms | Pool exhausted,production,payment_service-4401,2026-06-04 07:11:46.968635,3
1141,vault_agent,Successfully processed request in 142ms | Status 200,production,payment_service-4401,2026-06-04 07:11:46.968711,1
1142,vault_agent,Response time degradation detected: avg 1918ms over last 60s,production,payment_service-4401,2026-06-04 07:11:46.968536,2
1143,vault_agent,Database connection timeout after 24212ms | Pool exhausted,production,payment_service-4401,2026-06-04 07:11:46.968164,3
1144,vault_agent,Successfully processed request in 195ms | Status 200,production,payment_service-4401,2026-06-04 07:11:49.972850,1
1145,vault_agent,Database connection pool utilization at 85% | Threshold: 80%,production,payment_service-4401,2026-06-04 07:11:49.973140,2
1146,api_gateway_container,Response time degradation detected: avg 3024ms over last 60s,staging,api_gateway-0021,2026-06-04 07:11:52.979320,2
1147,api_gateway_container,Database connection timeout after 7758ms | Pool exhausted,staging,api_gateway-0021,2026-06-04 07:11:52.979182,3
1148,api_gateway_container,Database connection timeout after 11823ms | Pool exhausted,production,api_gateway-3301,2026-06-04 07:11:55.967573,3
1149,vault_agent,Successfully processed request in 20ms | Status 200,staging,payment_service-0041,2026-06-04 07:11:58.972230,1
1150,vault_agent,Health check passed | Uptime: 657h | Memory stable,staging,payment_service-0041,2026-06-04 07:12:01.977082,1
1151,vault_agent,Health check passed | Uptime: 248h | Memory stable,staging,payment_service-0041,2026-06-04 07:12:01.977529,1
1152,vault_agent,Successfully processed request in 4ms | Status 200,staging,payment_service-0041,2026-06-04 07:12:01.976915,1
1153,vault_agent,Response time degradation detected: avg 1853ms over last 60s,staging,payment_service-0041,2026-06-04 07:12:01.977391,2
1154,vault_agent,Health check passed | Uptime: 551h | Memory stable,production,payment_service-4401,2026-06-04 07:12:04.977094,1
1155,vault_agent,Health check passed | Uptime: 617h | Memory stable,production,payment_service-4401,2026-06-04 07:12:04.977588,1
1156,vault_agent,Successfully processed request in 113ms | Status 200,production,payment_service-4401,2026-06-04 07:12:04.977548,1
1157,vault_agent,Database connection timeout after 22100ms | Pool exhausted,production,payment_service-4401,2026-06-04 07:12:04.977588,3
1158,vault_agent,Successfully processed request in 120ms | Status 200,production,payment_service-4401,2026-06-04 07:12:04.977490,1
1159,api_gateway_container,Downstream service payment_service returned HTTP 503 | Retry budget exceeded,production,api_gateway-3301,2026-06-04 07:12:07.976977,3
1160,api_gateway_container,Downstream service payment_service returned HTTP 503 | Retry budget exceeded,production,api_gateway-3301,2026-06-04 07:12:07.976988,3
1161,api_gateway_container,Downstream service payment_service returned HTTP 503 | Retry budget exceeded,production,api_gateway-3301,2026-06-04 07:12:13.974487,3
1162,api_gateway_container,Database connection pool utilization at 79% | Threshold: 80%,production,api_gateway-3301,2026-06-04 07:12:13.973862,2
1163,api_gateway_container,Successfully processed request in 138ms | Status 200,production,api_gateway-3301,2026-06-04 07:12:13.974490,1
1164,api_gateway_container,Database connection pool utilization at 82% | Threshold: 80%,production,api_gateway-3301,2026-06-04 07:12:13.973806,2
1165,payment_container,Health check passed | Uptime: 420h | Memory stable,production,payment_service-4401,2026-06-04 07:12:16.974136,1
1166,payment_container,Downstream service payment_service returned HTTP 503 | Retry budget exceeded,production,payment_service-4401,2026-06-04 07:12:16.973687,3
1167,payment_container,Successfully processed request in 84ms | Status 200,production,payment_service-4401,2026-06-04 07:12:16.973456,1
1168,payment_container,Downstream service payment_service returned HTTP 503 | Retry budget exceeded,production,payment_service-4401,2026-06-04 07:12:22.965852,3
1169,payment_container,Database connection pool utilization at 84% | Threshold: 80%,staging,payment_service-0041,2026-06-04 07:12:25.976660,2
1170,payment_container,Successfully processed request in 64ms | Status 200,staging,payment_service-0041,2026-06-04 07:12:25.975995,1
1171,payment_container,Database connection timeout after 16666ms | Pool exhausted,staging,payment_service-0041,2026-06-04 07:12:25.976298,3
1172,payment_container,Response time degradation detected: avg 1629ms over last 60s,staging,payment_service-0041,2026-06-04 07:12:25.976905,2
1173,payment_container,Successfully processed request in 168ms | Status 200,staging,payment_service-0041,2026-06-04 07:12:25.976088,1
1174,payment_container,Successfully processed request in 61ms | Status 200,staging,payment_service-0041,2026-06-04 07:12:28.971572,1
1175,payment_container,Health check passed | Uptime: 314h | Memory stable,staging,payment_service-0041,2026-06-04 07:12:28.972195,1
1176,payment_container,Database connection timeout after 4886ms | Pool exhausted,staging,payment_service-0041,2026-06-04 07:12:28.971378,3
1177,envoy_proxy,Health check passed | Uptime: 542h | Memory stable,staging,api_gateway-0021,2026-06-04 07:12:31.978467,1
1178,envoy_proxy,Database connection timeout after 12636ms | Pool exhausted,staging,api_gateway-0021,2026-06-04 07:12:31.979011,3
1179,envoy_proxy,Downstream service payment_service returned HTTP 503 | Retry budget exceeded,staging,api_gateway-0021,2026-06-04 07:12:31.978462,3
1180,envoy_proxy,Health check passed | Uptime: 308h | Memory stable,staging,api_gateway-0021,2026-06-04 07:12:31.978770,1
1181,envoy_proxy,Downstream service payment_service returned HTTP 503 | Retry budget exceeded,production,api_gateway-3301,2026-06-04 07:12:34.975610,3
1182,envoy_proxy,Database connection pool utilization at 79% | Threshold: 80%,production,api_gateway-3301,2026-06-04 07:12:34.976226,2
1183,envoy_proxy,Successfully processed request in 27ms | Status 200,production,api_gateway-3301,2026-06-04 07:12:34.976111,1
1184,envoy_proxy,Database connection timeout after 8213ms | Pool exhausted,staging,api_gateway-0021,2026-06-04 07:12:46.972538,3
1185,envoy_proxy,Downstream service payment_service returned HTTP 503 | Retry budget exceeded,staging,api_gateway-0021,2026-06-04 07:12:46.972543,3
1186,vault_agent,Successfully processed request in 143ms | Status 200,production,payment_service-4401,2026-06-04 07:12:49.978885,1
1187,vault_agent,Successfully processed request in 110ms | Status 200,production,payment_service-4401,2026-06-04 07:12:49.978569,1
1188,api_gateway_container,Successfully processed request in 47ms | Status 200,staging,api_gateway-0021,2026-06-04 07:12:52.976858,1
1189,api_gateway_container,Response time degradation detected: avg 1800ms over last 60s,staging,api_gateway-0021,2026-06-04 07:12:52.976559,2
1190,api_gateway_container,Database connection timeout after 22960ms | Pool exhausted,staging,api_gateway-0021,2026-06-04 07:12:52.976619,3
1191,api_gateway_container,Database connection pool utilization at 93% | Threshold: 80%,staging,api_gateway-0021,2026-06-04 07:12:52.976979,2
1192,api_gateway_container,Database connection pool utilization at 83% | Threshold: 80%,staging,api_gateway-0021,2026-06-04 07:12:52.976479,2
1193,api_gateway_container,Health check passed | Uptime: 97h | Memory stable,production,api_gateway-3301,2026-06-04 07:12:55.972579,1
1194,api_gateway_container,Database connection timeout after 19263ms | Pool exhausted,production,api_gateway-3301,2026-06-04 07:12:55.972491,3
1195,api_gateway_container,Health check passed | Uptime: 113h | Memory stable,production,api_gateway-3301,2026-06-04 07:12:55.972260,1
1196,api_gateway_container,Successfully processed request in 150ms | Status 200,production,api_gateway-3301,2026-06-04 07:12:55.972163,1
1197,envoy_proxy,Response time degradation detected: avg 4494ms over last 60s,production,api_gateway-3301,2026-06-04 07:12:58.972469,2
1198,envoy_proxy,Database connection pool utilization at 86% | Threshold: 80%,production,api_gateway-3301,2026-06-04 07:12:58.972860,2
1199,vault_agent,Health check passed | Uptime: 11h | Memory stable,production,payment_service-4401,2026-06-04 07:13:01.966087,1
1200,vault_agent,Health check passed | Uptime: 616h | Memory stable,production,payment_service-4401,2026-06-04 07:13:01.966013,1
1201,vault_agent,Response time degradation detected: avg 3695ms over last 60s,production,payment_service-4401,2026-06-04 07:13:01.965402,2
1202,vault_agent,Successfully processed request in 175ms | Status 200,production,payment_service-4401,2026-06-04 07:13:01.965147,1
1203,vault_agent,Response time degradation detected: avg 2097ms over last 60s,production,payment_service-4401,2026-06-04 07:13:01.965146,2
1204,vault_agent,Database connection timeout after 16020ms | Pool exhausted,production,payment_service-4401,2026-06-04 07:13:04.977600,3
1205,vault_agent,Successfully processed request in 73ms | Status 200,production,payment_service-4401,2026-06-04 07:13:04.976966,1
1206,vault_agent,Health check passed | Uptime: 698h | Memory stable,production,payment_service-4401,2026-06-04 07:13:04.976892,1
1207,vault_agent,Successfully processed request in 54ms | Status 200,production,payment_service-4401,2026-06-04 07:13:04.976657,1
1208,vault_agent,Response time degradation detected: avg 3784ms over last 60s,production,payment_service-4401,2026-06-04 07:13:07.978501,2
1209,vault_agent,Database connection timeout after 19364ms | Pool exhausted,production,payment_service-4401,2026-06-04 07:13:07.978638,3
1210,vault_agent,Health check passed | Uptime: 211h | Memory stable,production,payment_service-4401,2026-06-04 07:13:07.979247,1
1211,payment_container,Database connection pool utilization at 81% | Threshold: 80%,production,payment_service-4401,2026-06-04 07:13:10.965313,2
1212,payment_container,Database connection timeout after 14269ms | Pool exhausted,production,payment_service-4401,2026-06-04 07:13:10.965299,3
1213,payment_container,Health check passed | Uptime: 324h | Memory stable,production,payment_service-4401,2026-06-04 07:13:10.965196,1
1214,payment_container,Health check passed | Uptime: 659h | Memory stable,production,payment_service-4401,2026-06-04 07:13:10.965477,1
1215,payment_container,Successfully processed request in 81ms | Status 200,production,payment_service-4401,2026-06-04 07:13:10.965464,1
1216,payment_container,Downstream service payment_service returned HTTP 503 | Retry budget exceeded,staging,payment_service-0041,2026-06-04 07:13:13.969967,3
1217,payment_container,Database connection pool utilization at 86% | Threshold: 80%,staging,payment_service-0041,2026-06-04 07:13:13.970639,2
1218,payment_container,Database connection timeout after 19522ms | Pool exhausted,staging,payment_service-0041,2026-06-04 07:13:13.970828,3
1219,payment_container,Successfully processed request in 60ms | Status 200,staging,payment_service-0041,2026-06-04 07:13:13.970510,1
1220,vault_agent,Downstream service payment_service returned HTTP 503 | Retry budget exceeded,production,payment_service-4401,2026-06-04 07:13:16.977416,3
1221,vault_agent,Successfully processed request in 94ms | Status 200,production,payment_service-4401,2026-06-04 07:13:16.977196,1
1222,vault_agent,Successfully processed request in 168ms | Status 200,production,payment_service-4401,2026-06-04 07:13:16.977470,1
1223,vault_agent,Successfully processed request in 132ms | Status 200,production,payment_service-4401,2026-06-04 07:13:16.976867,1
1224,vault_agent,Health check passed | Uptime: 45h | Memory stable,production,payment_service-4401,2026-06-04 07:13:16.977666,1
1225,vault_agent,Database connection timeout after 7682ms | Pool exhausted,staging,payment_service-0041,2026-06-04 07:13:19.975013,3
1226,envoy_proxy,Successfully processed request in 175ms | Status 200,production,api_gateway-3301,2026-06-04 07:13:22.969507,1
1227,envoy_proxy,Successfully processed request in 186ms | Status 200,production,api_gateway-3301,2026-06-04 07:13:22.969399,1
1228,envoy_proxy,Database connection pool utilization at 85% | Threshold: 80%,production,api_gateway-3301,2026-06-04 07:13:22.969431,2
1229,envoy_proxy,Successfully processed request in 68ms | Status 200,production,api_gateway-3301,2026-06-04 07:13:22.969104,1
1230,api_gateway_container,Database connection pool utilization at 94% | Threshold: 80%,production,api_gateway-3301,2026-06-04 07:13:25.972124,2
1231,api_gateway_container,Downstream service payment_service returned HTTP 503 | Retry budget exceeded,production,api_gateway-3301,2026-06-04 07:13:25.971688,3
1232,api_gateway_container,Successfully processed request in 61ms | Status 200,production,api_gateway-3301,2026-06-04 07:13:25.971562,1
1233,api_gateway_container,Successfully processed request in 87ms | Status 200,production,api_gateway-3301,2026-06-04 07:13:25.971983,1
1234,api_gateway_container,Health check passed | Uptime: 624h | Memory stable,production,api_gateway-3301,2026-06-04 07:13:25.972080,1
1235,envoy_proxy,Downstream service payment_service returned HTTP 503 | Retry budget exceeded,production,api_gateway-3301,2026-06-04 07:13:28.977500,3
1236,envoy_proxy,Database connection pool utilization at 80% | Threshold: 80%,production,api_gateway-3301,2026-06-04 07:13:28.977076,2
1237,envoy_proxy,Database connection pool utilization at 92% | Threshold: 80%,production,api_gateway-3301,2026-06-04 07:13:28.977026,2
1238,envoy_proxy,Downstream service payment_service returned HTTP 503 | Retry budget exceeded,production,api_gateway-3301,2026-06-04 07:13:28.977218,3
1239,payment_container,Downstream service payment_service returned HTTP 503 | Retry budget exceeded,production,payment_service-4401,2026-06-04 07:13:34.973753,3
1240,payment_container,Downstream service payment_service returned HTTP 503 | Retry budget exceeded,production,payment_service-4401,2026-06-04 07:13:34.973676,3
1241,payment_container,Database connection pool utilization at 79% | Threshold: 80%,production,payment_service-4401,2026-06-04 07:13:34.973427,2
1242,api_gateway_container,Successfully processed request in 59ms | Status 200,production,api_gateway-3301,2026-06-04 07:13:37.974456,1
1243,api_gateway_container,Successfully processed request in 159ms | Status 200,production,api_gateway-3301,2026-06-04 07:13:37.974334,1
1244,api_gateway_container,Downstream service payment_service returned HTTP 503 | Retry budget exceeded,production,api_gateway-3301,2026-06-04 07:13:37.974191,3
1245,envoy_proxy,Database connection pool utilization at 93% | Threshold: 80%,production,api_gateway-3301,2026-06-04 07:13:40.965597,2
1246,envoy_proxy,Downstream service payment_service returned HTTP 503 | Retry budget exceeded,production,api_gateway-3301,2026-06-04 07:13:40.965639,3
1247,envoy_proxy,Response time degradation detected: avg 2705ms over last 60s,staging,api_gateway-0021,2026-06-04 07:13:49.977157,2
1248,envoy_proxy,Downstream service payment_service returned HTTP 503 | Retry budget exceeded,staging,api_gateway-0021,2026-06-04 07:13:49.976383,3
1249,envoy_proxy,Response time degradation detected: avg 606ms over last 60s,staging,api_gateway-0021,2026-06-04 07:13:52.974125,2
1250,envoy_proxy,Health check passed | Uptime: 719h | Memory stable,staging,api_gateway-0021,2026-06-04 07:13:52.974284,1
1251,envoy_proxy,Downstream service payment_service returned HTTP 503 | Retry budget exceeded,staging,api_gateway-0021,2026-06-04 07:13:52.974114,3
1252,vault_agent,Health check passed | Uptime: 593h | Memory stable,production,payment_service-4401,2026-06-04 07:13:55.980195,1
1253,payment_container,Health check passed | Uptime: 484h | Memory stable,production,payment_service-4401,2026-06-04 07:13:58.970567,1
1254,payment_container,Database connection pool utilization at 77% | Threshold: 80%,production,payment_service-4401,2026-06-04 07:13:58.969913,2
1255,payment_container,Database connection timeout after 24753ms | Pool exhausted,production,payment_service-4401,2026-06-04 07:13:58.969896,3
1256,payment_container,Response time degradation detected: avg 3929ms over last 60s,production,payment_service-4401,2026-06-04 07:13:58.970824,2
1257,vault_agent,Database connection timeout after 21964ms | Pool exhausted,production,payment_service-4401,2026-06-04 07:14:01.974809,3
1258,vault_agent,Response time degradation detected: avg 4159ms over last 60s,production,payment_service-4401,2026-06-04 07:14:01.975363,2
1259,vault_agent,Successfully processed request in 85ms | Status 200,production,payment_service-4401,2026-06-04 07:14:01.975140,1
1260,vault_agent,Database connection pool utilization at 83% | Threshold: 80%,production,payment_service-4401,2026-06-04 07:14:01.974616,2
1261,envoy_proxy,Response time degradation detected: avg 4440ms over last 60s,staging,api_gateway-0021,2026-06-04 07:14:04.969427,2
1262,vault_agent,Successfully processed request in 161ms | Status 200,staging,payment_service-0041,2026-06-04 07:14:07.970606,1
1263,vault_agent,Health check passed | Uptime: 454h | Memory stable,staging,payment_service-0041,2026-06-04 07:14:07.970904,1
1264,vault_agent,Health check passed | Uptime: 468h | Memory stable,staging,payment_service-0041,2026-06-04 07:14:07.971077,1
1265,vault_agent,Database connection pool utilization at 79% | Threshold: 80%,staging,payment_service-0041,2026-06-04 07:14:07.970657,2
1266,payment_container,Database connection pool utilization at 76% | Threshold: 80%,production,payment_service-4401,2026-06-04 07:14:10.968387,2
1267,payment_container,Database connection timeout after 21725ms | Pool exhausted,production,payment_service-4401,2026-06-04 07:14:10.967782,3
1268,payment_container,Successfully processed request in 84ms | Status 200,production,payment_service-4401,2026-06-04 07:14:10.968444,1
1269,envoy_proxy,Health check passed | Uptime: 434h | Memory stable,production,api_gateway-3301,2026-06-04 07:14:13.972821,1
1270,payment_container,Successfully processed request in 14ms | Status 200,staging,payment_service-0041,2026-06-04 07:14:16.978710,1
1271,payment_container,Successfully processed request in 1ms | Status 200,staging,payment_service-0041,2026-06-04 07:14:16.979475,1
1272,payment_container,Health check passed | Uptime: 308h | Memory stable,staging,payment_service-0041,2026-06-04 07:14:16.978556,1
1273,payment_container,Health check passed | Uptime: 215h | Memory stable,staging,payment_service-0041,2026-06-04 07:14:19.969334,1
1274,payment_container,Successfully processed request in 99ms | Status 200,staging,payment_service-0041,2026-06-04 07:14:19.969486,1
1275,payment_container,Downstream service payment_service returned HTTP 503 | Retry budget exceeded,staging,payment_service-0041,2026-06-04 07:14:19.969624,3
1276,payment_container,Health check passed | Uptime: 388h | Memory stable,staging,payment_service-0041,2026-06-04 07:14:19.969739,1
1277,payment_container,Successfully processed request in 139ms | Status 200,staging,payment_service-0041,2026-06-04 07:14:19.969277,1
1278,envoy_proxy,Health check passed | Uptime: 352h | Memory stable,production,api_gateway-3301,2026-06-04 07:14:22.973482,1
1279,vault_agent,Successfully processed request in 166ms | Status 200,staging,payment_service-0041,2026-06-04 07:14:25.968496,1
1280,vault_agent,Database connection pool utilization at 94% | Threshold: 80%,staging,payment_service-0041,2026-06-04 07:14:25.968846,2
1281,payment_container,Database connection timeout after 4515ms | Pool exhausted,staging,payment_service-0041,2026-06-04 07:14:28.978670,3
1282,payment_container,Downstream service payment_service returned HTTP 503 | Retry budget exceeded,staging,payment_service-0041,2026-06-04 07:14:28.978711,3
1283,payment_container,Database connection pool utilization at 77% | Threshold: 80%,production,payment_service-4401,2026-06-04 07:14:31.976603,2
1284,payment_container,Successfully processed request in 96ms | Status 200,production,payment_service-4401,2026-06-04 07:14:31.976736,1
1285,payment_container,Downstream service payment_service returned HTTP 503 | Retry budget exceeded,production,payment_service-4401,2026-06-04 07:14:31.977130,3
1286,payment_container,Successfully processed request in 57ms | Status 200,production,payment_service-4401,2026-06-04 07:14:31.976862,1
1287,payment_container,Health check passed | Uptime: 152h | Memory stable,production,payment_service-4401,2026-06-04 07:14:31.976642,1
1288,envoy_proxy,Database connection timeout after 23282ms | Pool exhausted,staging,api_gateway-0021,2026-06-04 07:14:34.973800,3
1289,envoy_proxy,Successfully processed request in 88ms | Status 200,staging,api_gateway-0021,2026-06-04 07:14:34.973763,1
1290,envoy_proxy,Successfully processed request in 138ms | Status 200,staging,api_gateway-0021,2026-06-04 07:14:34.973381,1
1291,envoy_proxy,Database connection timeout after 10857ms | Pool exhausted,staging,api_gateway-0021,2026-06-04 07:14:34.973307,3
1292,envoy_proxy,Successfully processed request in 15ms | Status 200,production,api_gateway-3301,2026-06-04 07:14:37.968471,1
1293,envoy_proxy,Successfully processed request in 154ms | Status 200,production,api_gateway-3301,2026-06-04 07:14:37.967832,1
1294,vault_agent,Successfully processed request in 188ms | Status 200,staging,payment_service-0041,2026-06-04 07:14:40.979931,1
1295,vault_agent,Successfully processed request in 24ms | Status 200,production,payment_service-4401,2026-06-04 07:14:43.967578,1
1296,vault_agent,Database connection timeout after 19242ms | Pool exhausted,production,payment_service-4401,2026-06-04 07:14:43.967243,3
1297,vault_agent,Health check passed | Uptime: 555h | Memory stable,production,payment_service-4401,2026-06-04 07:14:43.966880,1
1298,vault_agent,Response time degradation detected: avg 4716ms over last 60s,production,payment_service-4401,2026-06-04 07:14:43.967064,2
1299,api_gateway_container,Successfully processed request in 157ms | Status 200,production,api_gateway-3301,2026-06-04 07:14:46.970879,1
1300,api_gateway_container,Health check passed | Uptime: 687h | Memory stable,production,api_gateway-3301,2026-06-04 07:14:46.970544,1
1301,api_gateway_container,Response time degradation detected: avg 2937ms over last 60s,production,api_gateway-3301,2026-06-04 07:14:46.970827,2
1302,api_gateway_container,Successfully processed request in 24ms | Status 200,production,api_gateway-3301,2026-06-04 07:14:46.971336,1
1303,vault_agent,Response time degradation detected: avg 3751ms over last 60s,production,payment_service-4401,2026-06-04 07:14:52.973832,2
1304,vault_agent,Successfully processed request in 108ms | Status 200,production,payment_service-4401,2026-06-04 07:14:52.973492,1
1305,vault_agent,Response time degradation detected: avg 1823ms over last 60s,production,payment_service-4401,2026-06-04 07:14:52.973839,2
1306,payment_container,Database connection timeout after 21997ms | Pool exhausted,staging,payment_service-0041,2026-06-04 07:14:55.968387,3
1307,payment_container,Health check passed | Uptime: 409h | Memory stable,staging,payment_service-0041,2026-06-04 07:14:55.968729,1
1308,vault_agent,Successfully processed request in 29ms | Status 200,production,payment_service-4401,2026-06-04 07:14:58.977168,1
1309,vault_agent,Database connection pool utilization at 92% | Threshold: 80%,production,payment_service-4401,2026-06-04 07:14:58.976752,2
1310,api_gateway_container,Successfully processed request in 97ms | Status 200,production,api_gateway-3301,2026-06-04 07:15:04.976994,1
1311,api_gateway_container,Health check passed | Uptime: 334h | Memory stable,production,api_gateway-3301,2026-06-04 07:15:04.977005,1
1312,envoy_proxy,Downstream service payment_service returned HTTP 503 | Retry budget exceeded,production,api_gateway-3301,2026-06-04 07:15:07.969748,3
1313,envoy_proxy,Downstream service payment_service returned HTTP 503 | Retry budget exceeded,production,api_gateway-3301,2026-06-04 07:15:07.969510,3
1314,envoy_proxy,Downstream service payment_service returned HTTP 503 | Retry budget exceeded,production,api_gateway-3301,2026-06-04 07:15:07.969156,3
1315,envoy_proxy,Response time degradation detected: avg 4325ms over last 60s,production,api_gateway-3301,2026-06-04 07:15:07.969505,2
1316,envoy_proxy,Database connection timeout after 10728ms | Pool exhausted,production,api_gateway-3301,2026-06-04 07:15:07.969097,3
1317,envoy_proxy,Response time degradation detected: avg 703ms over last 60s,production,api_gateway-3301,2026-06-04 07:15:13.976964,2
1318,envoy_proxy,Successfully processed request in 94ms | Status 200,production,api_gateway-3301,2026-06-04 07:15:13.976794,1
1319,envoy_proxy,Database connection timeout after 13553ms | Pool exhausted,production,api_gateway-3301,2026-06-04 07:15:13.977203,3
1320,envoy_proxy,Health check passed | Uptime: 381h | Memory stable,production,api_gateway-3301,2026-06-04 07:15:13.977190,1
1321,envoy_proxy,Health check passed | Uptime: 68h | Memory stable,production,api_gateway-3301,2026-06-04 07:15:13.976998,1
1322,vault_agent,Database connection timeout after 18713ms | Pool exhausted,staging,payment_service-0041,2026-06-04 07:15:22.967123,3
1323,vault_agent,Successfully processed request in 83ms | Status 200,staging,payment_service-0041,2026-06-04 07:15:22.966862,1
1324,envoy_proxy,Downstream service payment_service returned HTTP 503 | Retry budget exceeded,production,api_gateway-3301,2026-06-04 07:15:25.978742,3
1325,envoy_proxy,Database connection timeout after 6739ms | Pool exhausted,production,api_gateway-3301,2026-06-04 07:15:25.978810,3
1326,envoy_proxy,Response time degradation detected: avg 2036ms over last 60s,production,api_gateway-3301,2026-06-04 07:15:25.978680,2
1327,envoy_proxy,Health check passed | Uptime: 152h | Memory stable,production,api_gateway-3301,2026-06-04 07:15:25.978582,1
1328,envoy_proxy,Successfully processed request in 108ms | Status 200,production,api_gateway-3301,2026-06-04 07:15:25.977968,1
1329,api_gateway_container,Downstream service payment_service returned HTTP 503 | Retry budget exceeded,staging,api_gateway-0021,2026-06-04 07:15:28.972260,3
1330,api_gateway_container,Database connection pool utilization at 94% | Threshold: 80%,staging,api_gateway-0021,2026-06-04 07:15:28.972195,2
1331,api_gateway_container,Database connection timeout after 21015ms | Pool exhausted,staging,api_gateway-0021,2026-06-04 07:15:28.972050,3
1332,vault_agent,Health check passed | Uptime: 459h | Memory stable,staging,payment_service-0041,2026-06-04 07:15:31.975086,1
1333,payment_container,Database connection timeout after 9847ms | Pool exhausted,production,payment_service-4401,2026-06-04 07:15:34.966454,3
1334,payment_container,Database connection pool utilization at 79% | Threshold: 80%,production,payment_service-4401,2026-06-04 07:15:34.966945,2
1335,payment_container,Database connection pool utilization at 83% | Threshold: 80%,production,payment_service-4401,2026-06-04 07:15:34.966313,2
1336,payment_container,Health check passed | Uptime: 460h | Memory stable,production,payment_service-4401,2026-06-04 07:15:34.966126,1
1337,payment_container,Health check passed | Uptime: 405h | Memory stable,production,payment_service-4401,2026-06-04 07:15:34.966148,1
1338,envoy_proxy,Downstream service payment_service returned HTTP 503 | Retry budget exceeded,production,api_gateway-3301,2026-06-04 07:15:40.967942,3
1339,envoy_proxy,Downstream service payment_service returned HTTP 503 | Retry budget exceeded,production,api_gateway-3301,2026-06-04 07:15:40.968071,3
1340,envoy_proxy,Health check passed | Uptime: 575h | Memory stable,production,api_gateway-3301,2026-06-04 07:15:43.970029,1
1341,api_gateway_container,Successfully processed request in 54ms | Status 200,production,api_gateway-3301,2026-06-04 07:15:46.967581,1
1342,api_gateway_container,Downstream service payment_service returned HTTP 503 | Retry budget exceeded,production,api_gateway-3301,2026-06-04 07:15:46.967932,3
1343,payment_container,Health check passed | Uptime: 22h | Memory stable,production,payment_service-4401,2026-06-04 07:15:49.980014,1
1344,payment_container,Health check passed | Uptime: 311h | Memory stable,production,payment_service-4401,2026-06-04 07:15:49.979384,1
1345,payment_container,Health check passed | Uptime: 139h | Memory stable,production,payment_service-4401,2026-06-04 07:15:49.979597,1
1346,payment_container,Downstream service payment_service returned HTTP 503 | Retry budget exceeded,production,payment_service-4401,2026-06-04 07:15:49.979955,3
1347,payment_container,Health check passed | Uptime: 286h | Memory stable,production,payment_service-4401,2026-06-04 07:15:49.980278,1
1348,api_gateway_container,Database connection pool utilization at 82% | Threshold: 80%,production,api_gateway-3301,2026-06-04 07:15:52.970856,2
1349,vault_agent,Successfully processed request in 41ms | Status 200,production,payment_service-4401,2026-06-04 07:15:55.971857,1
1350,vault_agent,Response time degradation detected: avg 957ms over last 60s,production,payment_service-4401,2026-06-04 07:15:55.971345,2
1351,vault_agent,Downstream service payment_service returned HTTP 503 | Retry budget exceeded,production,payment_service-4401,2026-06-04 07:15:55.971726,3
1352,payment_container,Downstream service payment_service returned HTTP 503 | Retry budget exceeded,production,payment_service-4401,2026-06-04 07:15:58.977603,3
1353,envoy_proxy,Downstream service payment_service returned HTTP 503 | Retry budget exceeded,staging,api_gateway-0021,2026-06-04 07:16:01.969558,3
1354,vault_agent,Database connection timeout after 5281ms | Pool exhausted,production,payment_service-4401,2026-06-04 07:16:04.969684,3
1355,payment_container,Successfully processed request in 139ms | Status 200,staging,payment_service-0041,2026-06-04 07:16:08.000111,1
1356,payment_container,Response time degradation detected: avg 3121ms over last 60s,staging,payment_service-0041,2026-06-04 07:16:07.999548,2
1357,payment_container,Successfully processed request in 184ms | Status 200,staging,payment_service-0041,2026-06-04 07:16:08.000164,1
1358,payment_container,Response time degradation detected: avg 4444ms over last 60s,staging,payment_service-0041,2026-06-04 07:16:07.999806,2
1359,payment_container,Database connection timeout after 16788ms | Pool exhausted,staging,payment_service-0041,2026-06-04 07:16:10.977828,3
1360,payment_container,Health check passed | Uptime: 648h | Memory stable,staging,payment_service-0041,2026-06-04 07:16:10.978305,1
1361,payment_container,Response time degradation detected: avg 1395ms over last 60s,staging,payment_service-0041,2026-06-04 07:16:10.977525,2
1362,payment_container,Database connection timeout after 29322ms | Pool exhausted,staging,payment_service-0041,2026-06-04 07:16:10.977935,3
1363,api_gateway_container,Downstream service payment_service returned HTTP 503 | Retry budget exceeded,production,api_gateway-3301,2026-06-04 07:16:13.971423,3
1364,api_gateway_container,Database connection timeout after 25877ms | Pool exhausted,production,api_gateway-3301,2026-06-04 07:16:19.979074,3
1365,api_gateway_container,Database connection timeout after 14036ms | Pool exhausted,production,api_gateway-3301,2026-06-04 07:16:19.978837,3
1366,api_gateway_container,Health check passed | Uptime: 92h | Memory stable,production,api_gateway-3301,2026-06-04 07:16:19.979280,1
1367,envoy_proxy,Successfully processed request in 104ms | Status 200,staging,api_gateway-0021,2026-06-04 07:16:22.968467,1
1368,envoy_proxy,Database connection timeout after 3295ms | Pool exhausted,staging,api_gateway-0021,2026-06-04 07:16:22.968710,3
1369,envoy_proxy,Health check passed | Uptime: 290h | Memory stable,staging,api_gateway-0021,2026-06-04 07:16:22.968000,1
1370,envoy_proxy,Database connection pool utilization at 77% | Threshold: 80%,staging,api_gateway-0021,2026-06-04 07:16:22.968885,2
1371,envoy_proxy,Database connection timeout after 8003ms | Pool exhausted,staging,api_gateway-0021,2026-06-04 07:16:22.968395,3
1372,envoy_proxy,Health check passed | Uptime: 1h | Memory stable,staging,api_gateway-0021,2026-06-04 07:16:25.976820,1
1373,envoy_proxy,Downstream service payment_service returned HTTP 503 | Retry budget exceeded,staging,api_gateway-0021,2026-06-04 07:16:25.977379,3
1374,envoy_proxy,Database connection timeout after 3351ms | Pool exhausted,staging,api_gateway-0021,2026-06-04 07:16:25.976594,3
1375,envoy_proxy,Downstream service payment_service returned HTTP 503 | Retry budget exceeded,staging,api_gateway-0021,2026-06-04 07:16:25.976838,3
1376,envoy_proxy,Successfully processed request in 98ms | Status 200,staging,api_gateway-0021,2026-06-04 07:16:25.976524,1
1377,api_gateway_container,Health check passed | Uptime: 271h | Memory stable,staging,api_gateway-0021,2026-06-04 07:16:28.971048,1
1378,api_gateway_container,Health check passed | Uptime: 68h | Memory stable,staging,api_gateway-0021,2026-06-04 07:16:28.971015,1
1379,payment_container,Downstream service payment_service returned HTTP 503 | Retry budget exceeded,production,payment_service-4401,2026-06-04 07:16:31.974370,3
1380,payment_container,Successfully processed request in 135ms | Status 200,production,payment_service-4401,2026-06-04 07:16:31.974570,1
1381,vault_agent,Health check passed | Uptime: 414h | Memory stable,staging,payment_service-0041,2026-06-04 07:16:40.973854,1
1382,vault_agent,Downstream service payment_service returned HTTP 503 | Retry budget exceeded,staging,payment_service-0041,2026-06-04 07:16:40.974327,3
1383,vault_agent,Database connection pool utilization at 87% | Threshold: 80%,staging,payment_service-0041,2026-06-04 07:16:40.973454,2
1384,envoy_proxy,Response time degradation detected: avg 3721ms over last 60s,production,api_gateway-3301,2026-06-04 07:16:43.974032,2
1385,envoy_proxy,Response time degradation detected: avg 2487ms over last 60s,production,api_gateway-3301,2026-06-04 07:16:43.974063,2
1386,vault_agent,Successfully processed request in 30ms | Status 200,staging,payment_service-0041,2026-06-04 07:16:46.974862,1
1387,vault_agent,Health check passed | Uptime: 560h | Memory stable,staging,payment_service-0041,2026-06-04 07:16:46.975446,1
1388,vault_agent,Database connection pool utilization at 90% | Threshold: 80%,staging,payment_service-0041,2026-06-04 07:16:46.975310,2
1389,vault_agent,Downstream service payment_service returned HTTP 503 | Retry budget exceeded,staging,payment_service-0041,2026-06-04 07:16:46.975498,3
1390,vault_agent,Successfully processed request in 82ms | Status 200,staging,payment_service-0041,2026-06-04 07:16:46.974807,1
1391,payment_container,Response time degradation detected: avg 1827ms over last 60s,production,payment_service-4401,2026-06-04 07:16:49.965832,2
1392,payment_container,Database connection pool utilization at 81% | Threshold: 80%,production,payment_service-4401,2026-06-04 07:16:49.965308,2
1393,payment_container,Response time degradation detected: avg 1698ms over last 60s,production,payment_service-4401,2026-06-04 07:16:49.965672,2
1394,payment_container,Database connection timeout after 21728ms | Pool exhausted,production,payment_service-4401,2026-06-04 07:16:49.965722,3
1395,api_gateway_container,Successfully processed request in 149ms | Status 200,staging,api_gateway-0021,2026-06-04 07:16:52.966174,1
1396,api_gateway_container,Response time degradation detected: avg 4766ms over last 60s,staging,api_gateway-0021,2026-06-04 07:16:52.965664,2
1397,api_gateway_container,Database connection pool utilization at 92% | Threshold: 80%,staging,api_gateway-0021,2026-06-04 07:16:52.966234,2
1398,payment_container,Successfully processed request in 178ms | Status 200,production,payment_service-4401,2026-06-04 07:16:55.967838,1
1399,payment_container,Downstream service payment_service returned HTTP 503 | Retry budget exceeded,production,payment_service-4401,2026-06-04 07:16:55.968232,3
1400,payment_container,Successfully processed request in 41ms | Status 200,production,payment_service-4401,2026-06-04 07:16:55.967438,1
1401,envoy_proxy,Successfully processed request in 139ms | Status 200,production,api_gateway-3301,2026-06-04 07:17:01.965313,1
1402,envoy_proxy,Downstream service payment_service returned HTTP 503 | Retry budget exceeded,production,api_gateway-3301,2026-06-04 07:17:01.965970,3
1403,vault_agent,Database connection pool utilization at 90% | Threshold: 80%,staging,payment_service-0041,2026-06-04 07:17:07.966068,2
1404,vault_agent,Database connection timeout after 20186ms | Pool exhausted,staging,payment_service-0041,2026-06-04 07:17:10.979838,3
1405,vault_agent,Response time degradation detected: avg 784ms over last 60s,staging,payment_service-0041,2026-06-04 07:17:10.979377,2
1406,vault_agent,Downstream service payment_service returned HTTP 503 | Retry budget exceeded,staging,payment_service-0041,2026-06-04 07:17:10.979845,3
1407,vault_agent,Health check passed | Uptime: 144h | Memory stable,staging,payment_service-0041,2026-06-04 07:17:10.979639,1
1408,vault_agent,Database connection timeout after 14317ms | Pool exhausted,staging,payment_service-0041,2026-06-04 07:17:10.979735,3
1409,envoy_proxy,Database connection timeout after 14072ms | Pool exhausted,production,api_gateway-3301,2026-06-04 07:17:13.977838,3
1410,envoy_proxy,Health check passed | Uptime: 635h | Memory stable,staging,api_gateway-0021,2026-06-04 07:17:16.977956,1
1411,envoy_proxy,Successfully processed request in 37ms | Status 200,staging,api_gateway-0021,2026-06-04 07:17:16.977900,1
1412,envoy_proxy,Health check passed | Uptime: 252h | Memory stable,staging,api_gateway-0021,2026-06-04 07:17:16.977662,1
1413,envoy_proxy,Response time degradation detected: avg 1406ms over last 60s,staging,api_gateway-0021,2026-06-04 07:17:16.977723,2
1414,envoy_proxy,Health check passed | Uptime: 671h | Memory stable,staging,api_gateway-0021,2026-06-04 07:17:16.977295,1
1415,vault_agent,Successfully processed request in 52ms | Status 200,production,payment_service-4401,2026-06-04 07:17:19.964667,1
1416,vault_agent,Successfully processed request in 137ms | Status 200,production,payment_service-4401,2026-06-04 07:17:19.965357,1
1417,vault_agent,Database connection timeout after 20492ms | Pool exhausted,production,payment_service-4401,2026-06-04 07:17:19.964881,3
1418,vault_agent,Database connection pool utilization at 78% | Threshold: 80%,production,payment_service-4401,2026-06-04 07:17:19.965101,2
1419,vault_agent,Health check passed | Uptime: 76h | Memory stable,production,payment_service-4401,2026-06-04 07:17:19.965265,1
1420,envoy_proxy,Database connection pool utilization at 81% | Threshold: 80%,production,api_gateway-3301,2026-06-04 07:17:22.965386,2
1421,envoy_proxy,Downstream service payment_service returned HTTP 503 | Retry budget exceeded,staging,api_gateway-0021,2026-06-04 07:17:25.967033,3
1422,envoy_proxy,Health check passed | Uptime: 640h | Memory stable,staging,api_gateway-0021,2026-06-04 07:17:25.966427,1
1423,envoy_proxy,Health check passed | Uptime: 622h | Memory stable,staging,api_gateway-0021,2026-06-04 07:17:25.966528,1
1424,envoy_proxy,Downstream service payment_service returned HTTP 503 | Retry budget exceeded,production,api_gateway-3301,2026-06-04 07:17:31.977558,3
1425,api_gateway_container,Database connection pool utilization at 76% | Threshold: 80%,staging,api_gateway-0021,2026-06-04 07:17:34.971006,2
1426,api_gateway_container,Health check passed | Uptime: 26h | Memory stable,staging,api_gateway-0021,2026-06-04 07:17:34.970562,1
1427,api_gateway_container,Database connection timeout after 27825ms | Pool exhausted,staging,api_gateway-0021,2026-06-04 07:17:34.970572,3
1428,api_gateway_container,Downstream service payment_service returned HTTP 503 | Retry budget exceeded,staging,api_gateway-0021,2026-06-04 07:17:34.970468,3
1429,api_gateway_container,Health check passed | Uptime: 531h | Memory stable,staging,api_gateway-0021,2026-06-04 07:17:37.966093,1
1430,api_gateway_container,Downstream service payment_service returned HTTP 503 | Retry budget exceeded,staging,api_gateway-0021,2026-06-04 07:17:37.965818,3
1431,api_gateway_container,Downstream service payment_service returned HTTP 503 | Retry budget exceeded,staging,api_gateway-0021,2026-06-04 07:17:37.965994,3
1432,api_gateway_container,Database connection timeout after 18812ms | Pool exhausted,production,api_gateway-3301,2026-06-04 07:17:43.969182,3
1433,api_gateway_container,Health check passed | Uptime: 127h | Memory stable,production,api_gateway-3301,2026-06-04 07:17:46.974909,1
1434,api_gateway_container,Successfully processed request in 78ms | Status 200,production,api_gateway-3301,2026-06-04 07:17:46.974284,1
1435,api_gateway_container,Database connection timeout after 19187ms | Pool exhausted,production,api_gateway-3301,2026-06-04 07:17:46.974721,3
1436,api_gateway_container,Database connection pool utilization at 76% | Threshold: 80%,production,api_gateway-3301,2026-06-04 07:17:46.974124,2
1437,envoy_proxy,Response time degradation detected: avg 3451ms over last 60s,production,api_gateway-3301,2026-06-04 07:17:49.973415,2
1438,envoy_proxy,Health check passed | Uptime: 76h | Memory stable,production,api_gateway-3301,2026-06-04 07:17:49.973405,1
1439,envoy_proxy,Successfully processed request in 103ms | Status 200,production,api_gateway-3301,2026-06-04 07:17:49.973790,1
1440,envoy_proxy,Health check passed | Uptime: 160h | Memory stable,production,api_gateway-3301,2026-06-04 07:17:49.973722,1
1441,vault_agent,Response time degradation detected: avg 1521ms over last 60s,production,payment_service-4401,2026-06-04 07:17:52.979422,2
1442,vault_agent,Successfully processed request in 163ms | Status 200,production,payment_service-4401,2026-06-04 07:17:52.979979,1
1443,vault_agent,Database connection timeout after 19541ms | Pool exhausted,production,payment_service-4401,2026-06-04 07:17:52.979287,3
1444,vault_agent,Database connection pool utilization at 75% | Threshold: 80%,production,payment_service-4401,2026-06-04 07:17:52.979276,2
1445,vault_agent,Health check passed | Uptime: 365h | Memory stable,production,payment_service-4401,2026-06-04 07:17:52.979696,1
1446,envoy_proxy,Database connection pool utilization at 78% | Threshold: 80%,production,api_gateway-3301,2026-06-04 07:17:55.966096,2
1447,envoy_proxy,Response time degradation detected: avg 1830ms over last 60s,production,api_gateway-3301,2026-06-04 07:17:55.966484,2
1448,api_gateway_container,Database connection timeout after 9113ms | Pool exhausted,production,api_gateway-3301,2026-06-04 07:17:58.971411,3
1449,api_gateway_container,Health check passed | Uptime: 692h | Memory stable,production,api_gateway-3301,2026-06-04 07:17:58.971160,1
1450,api_gateway_container,Database connection timeout after 11259ms | Pool exhausted,production,api_gateway-3301,2026-06-04 07:17:58.971355,3
1451,api_gateway_container,Downstream service payment_service returned HTTP 503 | Retry budget exceeded,production,api_gateway-3301,2026-06-04 07:17:58.971439,3
1452,envoy_proxy,Database connection timeout after 19581ms | Pool exhausted,production,api_gateway-3301,2026-06-04 07:18:01.979865,3
1453,envoy_proxy,Database connection timeout after 3780ms | Pool exhausted,production,api_gateway-3301,2026-06-04 07:18:01.980378,3
1454,payment_container,Successfully processed request in 28ms | Status 200,staging,payment_service-0041,2026-06-04 07:18:04.965561,1
1455,payment_container,Response time degradation detected: avg 1050ms over last 60s,staging,payment_service-0041,2026-06-04 07:18:04.965484,2
1456,api_gateway_container,Downstream service payment_service returned HTTP 503 | Retry budget exceeded,production,api_gateway-3301,2026-06-04 07:18:10.964903,3
1457,api_gateway_container,Database connection timeout after 15837ms | Pool exhausted,production,api_gateway-3301,2026-06-04 07:18:10.965295,3
1458,api_gateway_container,Successfully processed request in 168ms | Status 200,production,api_gateway-3301,2026-06-04 07:18:10.964544,1
1459,api_gateway_container,Database connection pool utilization at 84% | Threshold: 80%,production,api_gateway-3301,2026-06-04 07:18:13.968930,2
1460,api_gateway_container,Database connection timeout after 25054ms | Pool exhausted,production,api_gateway-3301,2026-06-04 07:18:13.968682,3
1461,api_gateway_container,Health check passed | Uptime: 710h | Memory stable,production,api_gateway-3301,2026-06-04 07:18:13.969274,1
1462,api_gateway_container,Health check passed | Uptime: 290h | Memory stable,production,api_gateway-3301,2026-06-04 07:18:13.969542,1
1463,payment_container,Successfully processed request in 149ms | Status 200,staging,payment_service-0041,2026-06-04 07:18:16.967243,1
1464,payment_container,Successfully processed request in 8ms | Status 200,staging,payment_service-0041,2026-06-04 07:18:16.967900,1
1465,payment_container,Database connection pool utilization at 94% | Threshold: 80%,staging,payment_service-0041,2026-06-04 07:18:16.967777,2
1466,payment_container,Database connection pool utilization at 89% | Threshold: 80%,staging,payment_service-0041,2026-06-04 07:18:16.967622,2
1467,payment_container,Downstream service payment_service returned HTTP 503 | Retry budget exceeded,staging,payment_service-0041,2026-06-04 07:18:16.967834,3
1468,envoy_proxy,Successfully processed request in 154ms | Status 200,production,api_gateway-3301,2026-06-04 07:18:19.973241,1
1469,envoy_proxy,Downstream service payment_service returned HTTP 503 | Retry budget exceeded,production,api_gateway-3301,2026-06-04 07:18:19.973954,3
1470,vault_agent,Health check passed | Uptime: 494h | Memory stable,production,payment_service-4401,2026-06-04 07:18:22.978986,1
1471,vault_agent,Downstream service payment_service returned HTTP 503 | Retry budget exceeded,production,payment_service-4401,2026-06-04 07:18:22.979215,3
1472,api_gateway_container,Downstream service payment_service returned HTTP 503 | Retry budget exceeded,production,api_gateway-3301,2026-06-04 07:18:25.973559,3
1473,api_gateway_container,Database connection pool utilization at 92% | Threshold: 80%,production,api_gateway-3301,2026-06-04 07:18:28.978143,2
1474,api_gateway_container,Downstream service payment_service returned HTTP 503 | Retry budget exceeded,production,api_gateway-3301,2026-06-04 07:18:28.978455,3
1475,payment_container,Successfully processed request in 173ms | Status 200,staging,payment_service-0041,2026-06-04 07:18:31.969004,1
1476,payment_container,Health check passed | Uptime: 108h | Memory stable,staging,payment_service-0041,2026-06-04 07:18:31.969090,1
1477,api_gateway_container,Health check passed | Uptime: 529h | Memory stable,staging,api_gateway-0021,2026-06-04 07:18:34.975756,1
1478,api_gateway_container,Health check passed | Uptime: 589h | Memory stable,staging,api_gateway-0021,2026-06-04 07:18:34.975868,1
1479,api_gateway_container,Downstream service payment_service returned HTTP 503 | Retry budget exceeded,staging,api_gateway-0021,2026-06-04 07:18:34.976449,3
1480,api_gateway_container,Successfully processed request in 133ms | Status 200,staging,api_gateway-0021,2026-06-04 07:18:34.975867,1
1481,vault_agent,Health check passed | Uptime: 317h | Memory stable,staging,payment_service-0041,2026-06-04 07:18:40.977698,1
1482,vault_agent,Response time degradation detected: avg 692ms over last 60s,staging,payment_service-0041,2026-06-04 07:18:40.977853,2
1483,vault_agent,Successfully processed request in 71ms | Status 200,staging,payment_service-0041,2026-06-04 07:18:40.978111,1
1484,envoy_proxy,Downstream service payment_service returned HTTP 503 | Retry budget exceeded,staging,api_gateway-0021,2026-06-04 07:18:43.975943,3
1485,envoy_proxy,Database connection timeout after 7671ms | Pool exhausted,staging,api_gateway-0021,2026-06-04 07:18:43.975623,3
1486,envoy_proxy,Health check passed | Uptime: 501h | Memory stable,staging,api_gateway-0021,2026-06-04 07:18:43.976191,1
1487,envoy_proxy,Health check passed | Uptime: 607h | Memory stable,staging,api_gateway-0021,2026-06-04 07:18:43.975898,1
1488,envoy_proxy,Database connection timeout after 7744ms | Pool exhausted,staging,api_gateway-0021,2026-06-04 07:18:43.975544,3
1489,api_gateway_container,Successfully processed request in 167ms | Status 200,production,api_gateway-3301,2026-06-04 07:18:46.974046,1
1490,api_gateway_container,Health check passed | Uptime: 576h | Memory stable,production,api_gateway-3301,2026-06-04 07:18:46.973499,1
1491,api_gateway_container,Successfully processed request in 51ms | Status 200,production,api_gateway-3301,2026-06-04 07:18:46.973777,1
1492,api_gateway_container,Health check passed | Uptime: 340h | Memory stable,production,api_gateway-3301,2026-06-04 07:18:52.973704,1
1493,api_gateway_container,Successfully processed request in 27ms | Status 200,production,api_gateway-3301,2026-06-04 07:18:52.973905,1
1494,vault_agent,Health check passed | Uptime: 127h | Memory stable,staging,payment_service-0041,2026-06-04 07:18:55.978230,1
1495,vault_agent,Response time degradation detected: avg 3727ms over last 60s,staging,payment_service-0041,2026-06-04 07:18:55.978226,2
1496,payment_container,Health check passed | Uptime: 100h | Memory stable,staging,payment_service-0041,2026-06-04 07:18:58.976078,1
1497,payment_container,Successfully processed request in 182ms | Status 200,staging,payment_service-0041,2026-06-04 07:18:58.976271,1
1498,payment_container,Health check passed | Uptime: 276h | Memory stable,staging,payment_service-0041,2026-06-04 07:18:58.976461,1
1499,vault_agent,Successfully processed request in 73ms | Status 200,production,payment_service-4401,2026-06-04 07:19:07.971631,1
1500,vault_agent,Successfully processed request in 139ms | Status 200,production,payment_service-4401,2026-06-04 07:19:07.971748,1
1501,vault_agent,Response time degradation detected: avg 949ms over last 60s,production,payment_service-4401,2026-06-04 07:19:07.972114,2
1502,api_gateway_container,Health check passed | Uptime: 125h | Memory stable,production,api_gateway-3301,2026-06-04 07:19:10.969253,1
1503,api_gateway_container,Successfully processed request in 147ms | Status 200,production,api_gateway-3301,2026-06-04 07:19:10.969155,1
1504,api_gateway_container,Health check passed | Uptime: 409h | Memory stable,production,api_gateway-3301,2026-06-04 07:19:10.969034,1
1505,api_gateway_container,Database connection pool utilization at 83% | Threshold: 80%,production,api_gateway-3301,2026-06-04 07:19:13.970443,2
1506,vault_agent,Health check passed | Uptime: 604h | Memory stable,production,payment_service-4401,2026-06-04 07:19:16.974017,1
1507,vault_agent,Successfully processed request in 20ms | Status 200,production,payment_service-4401,2026-06-04 07:19:16.973846,1
1508,vault_agent,Health check passed | Uptime: 234h | Memory stable,production,payment_service-4401,2026-06-04 07:19:16.973634,1
1509,vault_agent,Downstream service payment_service returned HTTP 503 | Retry budget exceeded,production,payment_service-4401,2026-06-04 07:19:19.966450,3
1510,vault_agent,Database connection timeout after 25721ms | Pool exhausted,production,payment_service-4401,2026-06-04 07:19:19.966112,3
1511,vault_agent,Successfully processed request in 86ms | Status 200,production,payment_service-4401,2026-06-04 07:19:19.966921,1
1512,api_gateway_container,Database connection pool utilization at 89% | Threshold: 80%,staging,api_gateway-0021,2026-06-04 07:19:22.967669,2
1513,api_gateway_container,Successfully processed request in 148ms | Status 200,staging,api_gateway-0021,2026-06-04 07:19:22.967380,1
1514,payment_container,Health check passed | Uptime: 312h | Memory stable,production,payment_service-4401,2026-06-04 07:19:25.978164,1
1515,payment_container,Health check passed | Uptime: 467h | Memory stable,production,payment_service-4401,2026-06-04 07:19:25.977857,1
1516,payment_container,Database connection timeout after 12766ms | Pool exhausted,production,payment_service-4401,2026-06-04 07:19:25.977538,3
1517,payment_container,Successfully processed request in 36ms | Status 200,production,payment_service-4401,2026-06-04 07:19:25.978161,1
1518,vault_agent,Health check passed | Uptime: 655h | Memory stable,production,payment_service-4401,2026-06-04 07:19:28.972086,1
1519,vault_agent,Response time degradation detected: avg 2752ms over last 60s,production,payment_service-4401,2026-06-04 07:19:28.971703,2
1520,vault_agent,Database connection timeout after 14579ms | Pool exhausted,production,payment_service-4401,2026-06-04 07:19:28.972238,3
1521,vault_agent,Downstream service payment_service returned HTTP 503 | Retry budget exceeded,staging,payment_service-0041,2026-06-04 07:19:34.976031,3
1522,api_gateway_container,Health check passed | Uptime: 26h | Memory stable,production,api_gateway-3301,2026-06-04 07:19:37.977785,1
1523,api_gateway_container,Response time degradation detected: avg 2940ms over last 60s,production,api_gateway-3301,2026-06-04 07:19:37.977541,2
1524,api_gateway_container,Database connection timeout after 15093ms | Pool exhausted,production,api_gateway-3301,2026-06-04 07:19:37.977677,3
1525,api_gateway_container,Health check passed | Uptime: 610h | Memory stable,production,api_gateway-3301,2026-06-04 07:19:37.978459,1
1526,envoy_proxy,Health check passed | Uptime: 146h | Memory stable,staging,api_gateway-0021,2026-06-04 07:19:46.969016,1
1527,envoy_proxy,Successfully processed request in 165ms | Status 200,staging,api_gateway-0021,2026-06-04 07:19:46.969437,1
1528,envoy_proxy,Response time degradation detected: avg 603ms over last 60s,staging,api_gateway-0021,2026-06-04 07:19:46.968876,2
1529,envoy_proxy,Health check passed | Uptime: 51h | Memory stable,production,api_gateway-3301,2026-06-04 07:19:49.969704,1
1530,api_gateway_container,Response time degradation detected: avg 4951ms over last 60s,staging,api_gateway-0021,2026-06-04 07:19:52.975872,2
1531,payment_container,Successfully processed request in 19ms | Status 200,production,payment_service-4401,2026-06-04 07:19:55.965683,1
1532,payment_container,Downstream service payment_service returned HTTP 503 | Retry budget exceeded,production,payment_service-4401,2026-06-04 07:19:55.966326,3
1533,payment_container,Database connection pool utilization at 91% | Threshold: 80%,production,payment_service-4401,2026-06-04 07:19:55.966405,2
1534,payment_container,Response time degradation detected: avg 2142ms over last 60s,production,payment_service-4401,2026-06-04 07:19:55.965930,2
1535,envoy_proxy,Health check passed | Uptime: 371h | Memory stable,staging,api_gateway-0021,2026-06-04 07:19:58.975927,1
1536,envoy_proxy,Successfully processed request in 51ms | Status 200,staging,api_gateway-0021,2026-06-04 07:19:58.975994,1
1537,envoy_proxy,Health check passed | Uptime: 566h | Memory stable,staging,api_gateway-0021,2026-06-04 07:19:58.975391,1
1538,envoy_proxy,Successfully processed request in 49ms | Status 200,staging,api_gateway-0021,2026-06-04 07:19:58.975340,1
1539,envoy_proxy,Successfully processed request in 181ms | Status 200,staging,api_gateway-0021,2026-06-04 07:19:58.976202,1
1540,envoy_proxy,Response time degradation detected: avg 3674ms over last 60s,production,api_gateway-3301,2026-06-04 07:20:01.974419,2
1541,api_gateway_container,Database connection timeout after 5937ms | Pool exhausted,production,api_gateway-3301,2026-06-04 07:20:04.971046,3
1542,api_gateway_container,Database connection pool utilization at 81% | Threshold: 80%,production,api_gateway-3301,2026-06-04 07:20:04.971058,2
1543,api_gateway_container,Database connection timeout after 21854ms | Pool exhausted,production,api_gateway-3301,2026-06-04 07:20:04.970927,3
1544,vault_agent,Database connection timeout after 5678ms | Pool exhausted,staging,payment_service-0041,2026-06-04 07:20:10.978770,3
1545,vault_agent,Database connection timeout after 8711ms | Pool exhausted,staging,payment_service-0041,2026-06-04 07:20:10.978246,3
1546,vault_agent,Successfully processed request in 65ms | Status 200,staging,payment_service-0041,2026-06-04 07:20:10.978591,1
1547,envoy_proxy,Successfully processed request in 71ms | Status 200,production,api_gateway-3301,2026-06-04 07:20:13.969084,1
1548,envoy_proxy,Health check passed | Uptime: 204h | Memory stable,production,api_gateway-3301,2026-06-04 07:20:13.968665,1
1549,envoy_proxy,Successfully processed request in 182ms | Status 200,production,api_gateway-3301,2026-06-04 07:20:16.976984,1
1550,envoy_proxy,Database connection pool utilization at 80% | Threshold: 80%,production,api_gateway-3301,2026-06-04 07:20:16.976957,2
1551,envoy_proxy,Health check passed | Uptime: 144h | Memory stable,staging,api_gateway-0021,2026-06-04 07:20:25.972614,1
1552,envoy_proxy,Database connection timeout after 16394ms | Pool exhausted,staging,api_gateway-0021,2026-06-04 07:20:25.972662,3
1553,vault_agent,Database connection timeout after 20528ms | Pool exhausted,staging,payment_service-0041,2026-06-04 07:20:28.975061,3
1554,envoy_proxy,Response time degradation detected: avg 2105ms over last 60s,staging,api_gateway-0021,2026-06-04 07:20:31.965012,2
1555,envoy_proxy,Response time degradation detected: avg 2696ms over last 60s,staging,api_gateway-0021,2026-06-04 07:20:31.964720,2
1556,envoy_proxy,Downstream service payment_service returned HTTP 503 | Retry budget exceeded,staging,api_gateway-0021,2026-06-04 07:20:31.964927,3
1557,envoy_proxy,Response time degradation detected: avg 2475ms over last 60s,staging,api_gateway-0021,2026-06-04 07:20:31.965478,2
1558,envoy_proxy,Health check passed | Uptime: 629h | Memory stable,staging,api_gateway-0021,2026-06-04 07:20:31.965635,1
1559,api_gateway_container,Successfully processed request in 197ms | Status 200,staging,api_gateway-0021,2026-06-04 07:20:34.968825,1
1560,api_gateway_container,Health check passed | Uptime: 430h | Memory stable,staging,api_gateway-0021,2026-06-04 07:20:34.969026,1
1561,api_gateway_container,Downstream service payment_service returned HTTP 503 | Retry budget exceeded,staging,api_gateway-0021,2026-06-04 07:20:34.969391,3
1562,api_gateway_container,Health check passed | Uptime: 548h | Memory stable,staging,api_gateway-0021,2026-06-04 07:20:34.968999,1
1563,vault_agent,Response time degradation detected: avg 1737ms over last 60s,production,payment_service-4401,2026-06-04 07:20:37.974512,2
1564,vault_agent,Health check passed | Uptime: 86h | Memory stable,production,payment_service-4401,2026-06-04 07:20:37.974795,1
1565,vault_agent,Successfully processed request in 88ms | Status 200,production,payment_service-4401,2026-06-04 07:20:37.974057,1
1566,api_gateway_container,Successfully processed request in 100ms | Status 200,staging,api_gateway-0021,2026-06-04 07:20:40.967476,1
1567,api_gateway_container,Health check passed | Uptime: 691h | Memory stable,staging,api_gateway-0021,2026-06-04 07:20:40.966852,1
1568,api_gateway_container,Response time degradation detected: avg 1094ms over last 60s,staging,api_gateway-0021,2026-06-04 07:20:40.966661,2
1569,api_gateway_container,Successfully processed request in 184ms | Status 200,staging,api_gateway-0021,2026-06-04 07:20:40.966608,1
1570,api_gateway_container,Successfully processed request in 94ms | Status 200,staging,api_gateway-0021,2026-06-04 07:20:40.966701,1
1571,payment_container,Database connection pool utilization at 85% | Threshold: 80%,production,payment_service-4401,2026-06-04 07:20:49.968850,2
1572,payment_container,Successfully processed request in 136ms | Status 200,production,payment_service-4401,2026-06-04 07:20:49.968268,1
1573,payment_container,Health check passed | Uptime: 35h | Memory stable,production,payment_service-4401,2026-06-04 07:20:49.968770,1
1574,payment_container,Database connection pool utilization at 83% | Threshold: 80%,production,payment_service-4401,2026-06-04 07:20:49.968943,2
1575,payment_container,Health check passed | Uptime: 534h | Memory stable,staging,payment_service-0041,2026-06-04 07:20:52.966809,1
1576,api_gateway_container,Database connection timeout after 10757ms | Pool exhausted,production,api_gateway-3301,2026-06-04 07:20:55.967598,3
1577,api_gateway_container,Database connection timeout after 7675ms | Pool exhausted,production,api_gateway-3301,2026-06-04 07:20:55.967070,3
1578,api_gateway_container,Downstream service payment_service returned HTTP 503 | Retry budget exceeded,production,api_gateway-3301,2026-06-04 07:20:55.967276,3
1579,api_gateway_container,Successfully processed request in 65ms | Status 200,production,api_gateway-3301,2026-06-04 07:20:55.967374,1
1580,api_gateway_container,Successfully processed request in 167ms | Status 200,production,api_gateway-3301,2026-06-04 07:20:58.965096,1
1581,api_gateway_container,Health check passed | Uptime: 307h | Memory stable,production,api_gateway-3301,2026-06-04 07:20:58.965358,1
1582,api_gateway_container,Response time degradation detected: avg 1869ms over last 60s,production,api_gateway-3301,2026-06-04 07:20:58.965741,2
1583,payment_container,Downstream service payment_service returned HTTP 503 | Retry budget exceeded,production,payment_service-4401,2026-06-04 07:21:04.977281,3
1584,payment_container,Successfully processed request in 151ms | Status 200,production,payment_service-4401,2026-06-04 07:21:04.977167,1
1585,api_gateway_container,Database connection timeout after 13770ms | Pool exhausted,staging,api_gateway-0021,2026-06-04 07:21:10.970961,3
1586,api_gateway_container,Response time degradation detected: avg 4467ms over last 60s,staging,api_gateway-0021,2026-06-04 07:21:10.971364,2
1587,api_gateway_container,Database connection timeout after 4010ms | Pool exhausted,staging,api_gateway-0021,2026-06-04 07:21:10.971500,3
1588,api_gateway_container,Database connection timeout after 25545ms | Pool exhausted,staging,api_gateway-0021,2026-06-04 07:21:10.971128,3
1589,api_gateway_container,Health check passed | Uptime: 49h | Memory stable,staging,api_gateway-0021,2026-06-04 07:21:10.970866,1
1590,vault_agent,Successfully processed request in 72ms | Status 200,staging,payment_service-0041,2026-06-04 07:21:13.968453,1
1591,vault_agent,Successfully processed request in 176ms | Status 200,staging,payment_service-0041,2026-06-04 07:21:13.968318,1
1592,payment_container,Successfully processed request in 42ms | Status 200,production,payment_service-4401,2026-06-04 07:21:19.968054,1
1593,payment_container,Response time degradation detected: avg 2132ms over last 60s,production,payment_service-4401,2026-06-04 07:21:19.968050,2
1594,payment_container,Health check passed | Uptime: 35h | Memory stable,production,payment_service-4401,2026-06-04 07:21:19.967188,1
1595,payment_container,Database connection pool utilization at 86% | Threshold: 80%,production,payment_service-4401,2026-06-04 07:21:22.968015,2
1596,payment_container,Successfully processed request in 63ms | Status 200,production,payment_service-4401,2026-06-04 07:21:22.967833,1
1597,payment_container,Successfully processed request in 191ms | Status 200,production,payment_service-4401,2026-06-04 07:21:22.967684,1
1598,envoy_proxy,Health check passed | Uptime: 603h | Memory stable,staging,api_gateway-0021,2026-06-04 07:21:25.979401,1
1599,api_gateway_container,Health check passed | Uptime: 224h | Memory stable,staging,api_gateway-0021,2026-06-04 07:21:28.985771,1
1600,vault_agent,Database connection timeout after 23136ms | Pool exhausted,staging,payment_service-0041,2026-06-04 07:21:31.973644,3
1601,vault_agent,Successfully processed request in 192ms | Status 200,staging,payment_service-0041,2026-06-04 07:21:31.973195,1
1602,vault_agent,Successfully processed request in 162ms | Status 200,staging,payment_service-0041,2026-06-04 07:21:31.973475,1
1603,vault_agent,Database connection timeout after 9143ms | Pool exhausted,staging,payment_service-0041,2026-06-04 07:21:31.973497,3
1604,vault_agent,Successfully processed request in 195ms | Status 200,staging,payment_service-0041,2026-06-04 07:21:31.973732,1
1605,api_gateway_container,Health check passed | Uptime: 164h | Memory stable,production,api_gateway-3301,2026-06-04 07:21:40.970506,1
1606,api_gateway_container,Successfully processed request in 116ms | Status 200,production,api_gateway-3301,2026-06-04 07:21:40.970477,1
1607,api_gateway_container,Database connection pool utilization at 79% | Threshold: 80%,production,api_gateway-3301,2026-06-04 07:21:40.970314,2
1608,api_gateway_container,Database connection pool utilization at 81% | Threshold: 80%,production,api_gateway-3301,2026-06-04 07:21:40.969927,2
1609,vault_agent,Downstream service payment_service returned HTTP 503 | Retry budget exceeded,production,payment_service-4401,2026-06-04 07:21:43.966233,3
1610,vault_agent,Database connection pool utilization at 85% | Threshold: 80%,production,payment_service-4401,2026-06-04 07:21:43.966479,2
1611,vault_agent,Database connection pool utilization at 90% | Threshold: 80%,production,payment_service-4401,2026-06-04 07:21:43.966589,2
1612,vault_agent,Database connection pool utilization at 86% | Threshold: 80%,production,payment_service-4401,2026-06-04 07:21:43.966371,2
1613,envoy_proxy,Successfully processed request in 85ms | Status 200,production,api_gateway-3301,2026-06-04 07:21:46.976395,1
1614,envoy_proxy,Successfully processed request in 128ms | Status 200,production,api_gateway-3301,2026-06-04 07:21:46.976759,1
1615,envoy_proxy,Health check passed | Uptime: 146h | Memory stable,production,api_gateway-3301,2026-06-04 07:21:46.976687,1
1616,payment_container,Successfully processed request in 60ms | Status 200,production,payment_service-4401,2026-06-04 07:21:49.971347,1
1617,payment_container,Successfully processed request in 116ms | Status 200,production,payment_service-4401,2026-06-04 07:21:49.972082,1
1618,payment_container,Health check passed | Uptime: 427h | Memory stable,production,payment_service-4401,2026-06-04 07:21:49.971745,1
1619,payment_container,Successfully processed request in 129ms | Status 200,production,payment_service-4401,2026-06-04 07:21:49.972102,1
1620,api_gateway_container,Database connection timeout after 20212ms | Pool exhausted,staging,api_gateway-0021,2026-06-04 07:21:52.978675,3
1621,api_gateway_container,Successfully processed request in 160ms | Status 200,staging,api_gateway-0021,2026-06-04 07:21:52.978254,1
1622,api_gateway_container,Database connection timeout after 6742ms | Pool exhausted,staging,api_gateway-0021,2026-06-04 07:21:52.977912,3
1623,api_gateway_container,Successfully processed request in 195ms | Status 200,staging,api_gateway-0021,2026-06-04 07:21:52.978254,1
1624,api_gateway_container,Successfully processed request in 4ms | Status 200,staging,api_gateway-0021,2026-06-04 07:21:52.977807,1
1625,api_gateway_container,Response time degradation detected: avg 3910ms over last 60s,production,api_gateway-3301,2026-06-04 07:21:55.970947,2
1626,api_gateway_container,Successfully processed request in 174ms | Status 200,production,api_gateway-3301,2026-06-04 07:21:55.971655,1
1627,payment_container,Successfully processed request in 77ms | Status 200,staging,payment_service-0041,2026-06-04 07:21:58.970536,1
1628,payment_container,Successfully processed request in 28ms | Status 200,staging,payment_service-0041,2026-06-04 07:21:58.970820,1
1629,payment_container,Database connection timeout after 14998ms | Pool exhausted,staging,payment_service-0041,2026-06-04 07:21:58.971190,3
1630,payment_container,Downstream service payment_service returned HTTP 503 | Retry budget exceeded,staging,payment_service-0041,2026-06-04 07:21:58.971349,3
1631,payment_container,Health check passed | Uptime: 204h | Memory stable,staging,payment_service-0041,2026-06-04 07:21:58.971453,1
1632,envoy_proxy,Successfully processed request in 17ms | Status 200,production,api_gateway-3301,2026-06-04 07:22:04.977195,1
1633,envoy_proxy,Health check passed | Uptime: 276h | Memory stable,production,api_gateway-3301,2026-06-04 07:22:04.977409,1
1634,envoy_proxy,Successfully processed request in 99ms | Status 200,production,api_gateway-3301,2026-06-04 07:22:04.977431,1
1635,api_gateway_container,Response time degradation detected: avg 809ms over last 60s,production,api_gateway-3301,2026-06-04 07:22:07.977427,2
1636,api_gateway_container,Database connection timeout after 21451ms | Pool exhausted,production,api_gateway-3301,2026-06-04 07:22:07.977868,3
1637,api_gateway_container,Successfully processed request in 73ms | Status 200,production,api_gateway-3301,2026-06-04 07:22:07.978019,1
1638,envoy_proxy,Downstream service payment_service returned HTTP 503 | Retry budget exceeded,production,api_gateway-3301,2026-06-04 07:22:10.978025,3
1639,envoy_proxy,Successfully processed request in 78ms | Status 200,production,api_gateway-3301,2026-06-04 07:22:10.978477,1
1640,envoy_proxy,Response time degradation detected: avg 3555ms over last 60s,production,api_gateway-3301,2026-06-04 07:22:10.977627,2
1641,envoy_proxy,Response time degradation detected: avg 4718ms over last 60s,production,api_gateway-3301,2026-06-04 07:22:10.977680,2
1642,api_gateway_container,Database connection pool utilization at 84% | Threshold: 80%,production,api_gateway-3301,2026-06-04 07:22:13.965121,2
1643,api_gateway_container,Health check passed | Uptime: 538h | Memory stable,production,api_gateway-3301,2026-06-04 07:22:13.965341,1
1644,vault_agent,Successfully processed request in 188ms | Status 200,staging,payment_service-0041,2026-06-04 07:22:16.970843,1
1645,vault_agent,Database connection pool utilization at 86% | Threshold: 80%,staging,payment_service-0041,2026-06-04 07:22:16.971342,2
1646,vault_agent,Health check passed | Uptime: 656h | Memory stable,staging,payment_service-0041,2026-06-04 07:22:16.970636,1
1647,vault_agent,Health check passed | Uptime: 577h | Memory stable,staging,payment_service-0041,2026-06-04 07:22:16.971468,1
1648,payment_container,Health check passed | Uptime: 579h | Memory stable,production,payment_service-4401,2026-06-04 07:22:19.995460,1
1649,payment_container,Database connection pool utilization at 87% | Threshold: 80%,production,payment_service-4401,2026-06-04 07:22:19.995646,2
1650,payment_container,Successfully processed request in 72ms | Status 200,staging,payment_service-0041,2026-06-04 07:22:25.971306,1
1651,payment_container,Health check passed | Uptime: 202h | Memory stable,staging,payment_service-0041,2026-06-04 07:22:25.971848,1
1652,payment_container,Health check passed | Uptime: 72h | Memory stable,staging,payment_service-0041,2026-06-04 07:22:25.971107,1
1653,vault_agent,Database connection pool utilization at 86% | Threshold: 80%,production,payment_service-4401,2026-06-04 07:22:28.966328,2
1654,payment_container,Successfully processed request in 69ms | Status 200,production,payment_service-4401,2026-06-04 05:22:49.411758,1
1655,payment_container,Health check passed | Uptime: 300h | Memory stable,production,payment_service-4401,2026-06-04 05:22:49.411711,1
1656,payment_container,Database connection timeout after 25360ms | Pool exhausted,production,payment_service-4401,2026-06-04 05:22:49.411795,3
1657,payment_container,Successfully processed request in 81ms | Status 200,production,payment_service-4401,2026-06-04 05:22:49.412185,1
1658,vault_agent,Database connection pool utilization at 82% | Threshold: 80%,production,payment_service-4401,2026-06-04 05:24:49.411935,2
1659,vault_agent,Successfully processed request in 30ms | Status 200,production,payment_service-4401,2026-06-04 05:24:49.412011,1
1660,vault_agent,Database connection timeout after 4839ms | Pool exhausted,production,payment_service-4401,2026-06-04 05:24:49.412279,3
1661,vault_agent,Response time degradation detected: avg 1161ms over last 60s,production,payment_service-4401,2026-06-04 05:24:49.411921,2
1662,api_gateway_container,Database connection pool utilization at 90% | Threshold: 80%,staging,api_gateway-0021,2026-06-04 05:25:49.412210,2
1663,api_gateway_container,Health check passed | Uptime: 156h | Memory stable,staging,api_gateway-0021,2026-06-04 05:25:49.411794,1
1664,api_gateway_container,Downstream service payment_service returned HTTP 503 | Retry budget exceeded,staging,api_gateway-0021,2026-06-04 05:25:49.412120,3
1665,api_gateway_container,Successfully processed request in 115ms | Status 200,staging,api_gateway-0021,2026-06-04 05:25:49.412445,1
1666,envoy_proxy,Response time degradation detected: avg 1340ms over last 60s,staging,api_gateway-0021,2026-06-04 05:26:49.411500,2
1667,envoy_proxy,Database connection timeout after 27113ms | Pool exhausted,staging,api_gateway-0021,2026-06-04 05:26:49.411552,3
1668,envoy_proxy,Successfully processed request in 167ms | Status 200,staging,api_gateway-0021,2026-06-04 05:26:49.411946,1
1669,envoy_proxy,Successfully processed request in 85ms | Status 200,staging,api_gateway-0021,2026-06-04 05:26:49.412025,1
1670,envoy_proxy,Database connection timeout after 4576ms | Pool exhausted,staging,api_gateway-0021,2026-06-04 05:26:49.412092,3
1671,payment_container,Successfully processed request in 89ms | Status 200,production,payment_service-4401,2026-06-04 05:27:49.411660,1
1672,vault_agent,Successfully processed request in 2ms | Status 200,staging,payment_service-0041,2026-06-04 05:28:49.412012,1
1673,vault_agent,Health check passed | Uptime: 588h | Memory stable,staging,payment_service-0041,2026-06-04 05:28:49.411492,1
1674,vault_agent,Response time degradation detected: avg 3611ms over last 60s,staging,payment_service-0041,2026-06-04 05:28:49.412432,2
1675,vault_agent,Successfully processed request in 63ms | Status 200,staging,payment_service-0041,2026-06-04 05:29:49.411601,1
1676,vault_agent,Successfully processed request in 44ms | Status 200,staging,payment_service-0041,2026-06-04 05:29:49.411877,1
1677,vault_agent,Response time degradation detected: avg 2049ms over last 60s,staging,payment_service-0041,2026-06-04 05:29:49.411650,2
1678,vault_agent,Successfully processed request in 121ms | Status 200,staging,payment_service-0041,2026-06-04 05:29:49.412176,1
1679,vault_agent,Successfully processed request in 92ms | Status 200,staging,payment_service-0041,2026-06-04 05:29:49.412296,1
1680,envoy_proxy,Response time degradation detected: avg 1405ms over last 60s,production,api_gateway-3301,2026-06-04 05:30:49.411822,2
1681,envoy_proxy,Successfully processed request in 83ms | Status 200,production,api_gateway-3301,2026-06-04 05:30:49.411975,1
1682,envoy_proxy,Successfully processed request in 90ms | Status 200,staging,api_gateway-0021,2026-06-04 05:31:49.411929,1
1683,envoy_proxy,Database connection pool utilization at 84% | Threshold: 80%,staging,api_gateway-0021,2026-06-04 05:31:49.411922,2
1684,vault_agent,Database connection pool utilization at 89% | Threshold: 80%,production,payment_service-4401,2026-06-04 05:32:49.411780,2
1685,vault_agent,Health check passed | Uptime: 574h | Memory stable,production,payment_service-4401,2026-06-04 05:32:49.411742,1
1686,vault_agent,Response time degradation detected: avg 1839ms over last 60s,production,payment_service-4401,2026-06-04 05:32:49.411920,2
1687,vault_agent,Health check passed | Uptime: 389h | Memory stable,production,payment_service-4401,2026-06-04 05:32:49.412014,1
1688,vault_agent,Successfully processed request in 181ms | Status 200,staging,payment_service-0041,2026-06-04 05:35:49.411537,1
1689,vault_agent,Downstream service payment_service returned HTTP 503 | Retry budget exceeded,staging,payment_service-0041,2026-06-04 05:35:49.411693,3
1690,vault_agent,Response time degradation detected: avg 4267ms over last 60s,staging,payment_service-0041,2026-06-04 05:35:49.412327,2
1691,payment_container,Health check passed | Uptime: 305h | Memory stable,staging,payment_service-0041,2026-06-04 05:36:49.411472,1
1692,payment_container,Successfully processed request in 194ms | Status 200,staging,payment_service-0041,2026-06-04 05:36:49.411874,1
1693,api_gateway_container,Database connection pool utilization at 82% | Threshold: 80%,staging,api_gateway-0021,2026-06-04 05:37:49.411780,2
1694,envoy_proxy,Successfully processed request in 197ms | Status 200,production,api_gateway-3301,2026-06-04 05:38:49.412449,1
1695,envoy_proxy,Health check passed | Uptime: 576h | Memory stable,production,api_gateway-3301,2026-06-04 05:38:49.412262,1
1696,envoy_proxy,Successfully processed request in 101ms | Status 200,staging,api_gateway-0021,2026-06-04 05:39:49.412024,1
1697,api_gateway_container,Database connection pool utilization at 89% | Threshold: 80%,staging,api_gateway-0021,2026-06-04 05:40:49.411631,2
1698,api_gateway_container,Database connection timeout after 22223ms | Pool exhausted,staging,api_gateway-0021,2026-06-04 05:40:49.412113,3
1699,api_gateway_container,Successfully processed request in 14ms | Status 200,staging,api_gateway-0021,2026-06-04 05:40:49.412396,1
1700,vault_agent,Successfully processed request in 102ms | Status 200,production,payment_service-4401,2026-06-04 05:41:49.412023,1
1701,vault_agent,Database connection timeout after 12478ms | Pool exhausted,production,payment_service-4401,2026-06-04 05:41:49.411503,3
1702,vault_agent,Response time degradation detected: avg 1551ms over last 60s,production,payment_service-4401,2026-06-04 05:41:49.411790,2
1703,vault_agent,Downstream service payment_service returned HTTP 503 | Retry budget exceeded,production,payment_service-4401,2026-06-04 05:41:49.412273,3
1704,vault_agent,Downstream service payment_service returned HTTP 503 | Retry budget exceeded,production,payment_service-4401,2026-06-04 05:41:49.412123,3
1705,api_gateway_container,Successfully processed request in 6ms | Status 200,staging,api_gateway-0021,2026-06-04 05:42:49.412278,1
1706,api_gateway_container,Downstream service payment_service returned HTTP 503 | Retry budget exceeded,staging,api_gateway-0021,2026-06-04 05:42:49.411599,3
1707,api_gateway_container,Successfully processed request in 45ms | Status 200,staging,api_gateway-0021,2026-06-04 05:42:49.411904,1
1708,api_gateway_container,Health check passed | Uptime: 634h | Memory stable,staging,api_gateway-0021,2026-06-04 05:42:49.411553,1
1709,vault_agent,Downstream service payment_service returned HTTP 503 | Retry budget exceeded,staging,payment_service-0041,2026-06-04 05:44:49.412028,3
1710,vault_agent,Health check passed | Uptime: 22h | Memory stable,staging,payment_service-0041,2026-06-04 05:44:49.412011,1
1711,vault_agent,Downstream service payment_service returned HTTP 503 | Retry budget exceeded,staging,payment_service-0041,2026-06-04 05:44:49.412078,3
1712,vault_agent,Response time degradation detected: avg 3600ms over last 60s,staging,payment_service-0041,2026-06-04 05:44:49.412146,2
1713,vault_agent,Successfully processed request in 8ms | Status 200,staging,payment_service-0041,2026-06-04 05:44:49.411493,1
1714,envoy_proxy,Health check passed | Uptime: 565h | Memory stable,staging,api_gateway-0021,2026-06-04 05:46:49.411465,1
1715,envoy_proxy,Database connection pool utilization at 77% | Threshold: 80%,staging,api_gateway-0021,2026-06-04 05:46:49.411548,2
1716,envoy_proxy,Downstream service payment_service returned HTTP 503 | Retry budget exceeded,staging,api_gateway-0021,2026-06-04 05:46:49.412224,3
1717,envoy_proxy,Database connection timeout after 18347ms | Pool exhausted,staging,api_gateway-0021,2026-06-04 05:46:49.412298,3
1718,envoy_proxy,Response time degradation detected: avg 1136ms over last 60s,staging,api_gateway-0021,2026-06-04 05:46:49.411503,2
1719,api_gateway_container,Health check passed | Uptime: 475h | Memory stable,production,api_gateway-3301,2026-06-04 05:47:49.412153,1
1720,api_gateway_container,Successfully processed request in 120ms | Status 200,production,api_gateway-3301,2026-06-04 05:47:49.411559,1
1721,api_gateway_container,Successfully processed request in 83ms | Status 200,production,api_gateway-3301,2026-06-04 05:47:49.412137,1
1722,envoy_proxy,Database connection timeout after 15872ms | Pool exhausted,staging,api_gateway-0021,2026-06-04 05:48:49.411902,3
1723,vault_agent,Successfully processed request in 77ms | Status 200,production,payment_service-4401,2026-06-04 05:49:49.412375,1
1724,api_gateway_container,Response time degradation detected: avg 1156ms over last 60s,staging,api_gateway-0021,2026-06-04 05:50:49.411558,2
1725,api_gateway_container,Database connection timeout after 27181ms | Pool exhausted,staging,api_gateway-0021,2026-06-04 05:50:49.412397,3
1726,api_gateway_container,Health check passed | Uptime: 288h | Memory stable,staging,api_gateway-0021,2026-06-04 05:50:49.412411,1
1727,api_gateway_container,Health check passed | Uptime: 528h | Memory stable,staging,api_gateway-0021,2026-06-04 05:50:49.411675,1
1728,api_gateway_container,Response time degradation detected: avg 3792ms over last 60s,production,api_gateway-3301,2026-06-04 05:52:49.411982,2
1729,api_gateway_container,Health check passed | Uptime: 568h | Memory stable,production,api_gateway-3301,2026-06-04 05:52:49.411924,1
1730,api_gateway_container,Database connection timeout after 28566ms | Pool exhausted,production,api_gateway-3301,2026-06-04 05:52:49.412396,3
1731,api_gateway_container,Successfully processed request in 118ms | Status 200,staging,api_gateway-0021,2026-06-04 05:53:49.411859,1
1732,api_gateway_container,Health check passed | Uptime: 589h | Memory stable,staging,api_gateway-0021,2026-06-04 05:53:49.411671,1
1733,api_gateway_container,Database connection timeout after 6651ms | Pool exhausted,staging,api_gateway-0021,2026-06-04 05:53:49.412006,3
1734,api_gateway_container,Successfully processed request in 77ms | Status 200,staging,api_gateway-0021,2026-06-04 05:53:49.411566,1
1735,api_gateway_container,Response time degradation detected: avg 4651ms over last 60s,staging,api_gateway-0021,2026-06-04 05:53:49.411541,2
1736,api_gateway_container,Downstream service payment_service returned HTTP 503 | Retry budget exceeded,staging,api_gateway-0021,2026-06-04 05:54:49.411775,3
1737,api_gateway_container,Health check passed | Uptime: 715h | Memory stable,staging,api_gateway-0021,2026-06-04 05:55:49.412436,1
1738,api_gateway_container,Health check passed | Uptime: 155h | Memory stable,staging,api_gateway-0021,2026-06-04 05:55:49.411907,1
1739,payment_container,Downstream service payment_service returned HTTP 503 | Retry budget exceeded,production,payment_service-4401,2026-06-04 05:56:49.412111,3
1740,payment_container,Successfully processed request in 84ms | Status 200,production,payment_service-4401,2026-06-04 05:56:49.412385,1
1741,payment_container,Database connection pool utilization at 93% | Threshold: 80%,production,payment_service-4401,2026-06-04 05:56:49.411465,2
1742,payment_container,Health check passed | Uptime: 534h | Memory stable,production,payment_service-4401,2026-06-04 05:56:49.412363,1
1743,envoy_proxy,Successfully processed request in 173ms | Status 200,staging,api_gateway-0021,2026-06-04 05:57:49.412100,1
1744,envoy_proxy,Health check passed | Uptime: 644h | Memory stable,staging,api_gateway-0021,2026-06-04 05:57:49.411728,1
1745,envoy_proxy,Response time degradation detected: avg 3446ms over last 60s,staging,api_gateway-0021,2026-06-04 05:57:49.411643,2
1746,envoy_proxy,Successfully processed request in 145ms | Status 200,staging,api_gateway-0021,2026-06-04 05:57:49.412096,1
1747,payment_container,Downstream service payment_service returned HTTP 503 | Retry budget exceeded,production,payment_service-4401,2026-06-04 05:58:49.411587,3
1748,payment_container,Downstream service payment_service returned HTTP 503 | Retry budget exceeded,production,payment_service-4401,2026-06-04 05:58:49.411627,3
1749,payment_container,Health check passed | Uptime: 659h | Memory stable,production,payment_service-4401,2026-06-04 05:58:49.412357,1
1750,api_gateway_container,Successfully processed request in 44ms | Status 200,staging,api_gateway-0021,2026-06-04 05:59:49.412273,1
1751,vault_agent,Downstream service payment_service returned HTTP 503 | Retry budget exceeded,staging,payment_service-0041,2026-06-04 06:01:49.411486,3
1752,payment_container,Successfully processed request in 57ms | Status 200,production,payment_service-4401,2026-06-04 06:02:49.412046,1
1753,api_gateway_container,Successfully processed request in 52ms | Status 200,production,api_gateway-3301,2026-06-04 06:03:49.412268,1
1754,api_gateway_container,Health check passed | Uptime: 320h | Memory stable,production,api_gateway-3301,2026-06-04 06:03:49.411481,1
1755,api_gateway_container,Health check passed | Uptime: 149h | Memory stable,production,api_gateway-3301,2026-06-04 06:03:49.411848,1
1756,vault_agent,Downstream service payment_service returned HTTP 503 | Retry budget exceeded,production,payment_service-4401,2026-06-04 06:04:49.412236,3
1757,vault_agent,Health check passed | Uptime: 549h | Memory stable,production,payment_service-4401,2026-06-04 06:04:49.411892,1
1758,vault_agent,Successfully processed request in 145ms | Status 200,production,payment_service-4401,2026-06-04 06:04:49.412175,1
1759,vault_agent,Health check passed | Uptime: 126h | Memory stable,production,payment_service-4401,2026-06-04 06:04:49.412059,1
1760,vault_agent,Response time degradation detected: avg 3315ms over last 60s,production,payment_service-4401,2026-06-04 06:04:49.412091,2
1761,vault_agent,Database connection timeout after 17531ms | Pool exhausted,staging,payment_service-0041,2026-06-04 06:05:49.412147,3
1762,vault_agent,Database connection pool utilization at 86% | Threshold: 80%,staging,payment_service-0041,2026-06-04 06:05:49.411909,2
1763,api_gateway_container,Database connection timeout after 14960ms | Pool exhausted,production,api_gateway-3301,2026-06-04 06:06:49.411751,3
1764,api_gateway_container,Health check passed | Uptime: 457h | Memory stable,production,api_gateway-3301,2026-06-04 06:06:49.411697,1
1765,api_gateway_container,Successfully processed request in 79ms | Status 200,production,api_gateway-3301,2026-06-04 06:06:49.412288,1
1766,api_gateway_container,Database connection pool utilization at 76% | Threshold: 80%,production,api_gateway-3301,2026-06-04 06:06:49.411641,2
1767,api_gateway_container,Successfully processed request in 13ms | Status 200,production,api_gateway-3301,2026-06-04 06:06:49.412435,1
1768,payment_container,Health check passed | Uptime: 64h | Memory stable,staging,payment_service-0041,2026-06-04 06:08:49.411917,1
1769,payment_container,Health check passed | Uptime: 88h | Memory stable,staging,payment_service-0041,2026-06-04 06:08:49.412174,1
1770,payment_container,Successfully processed request in 16ms | Status 200,staging,payment_service-0041,2026-06-04 06:09:49.412301,1
1771,payment_container,Health check passed | Uptime: 604h | Memory stable,staging,payment_service-0041,2026-06-04 06:09:49.411887,1
1772,envoy_proxy,Health check passed | Uptime: 460h | Memory stable,production,api_gateway-3301,2026-06-04 06:10:49.411754,1
1773,vault_agent,Database connection timeout after 14808ms | Pool exhausted,production,payment_service-4401,2026-06-04 06:11:49.411554,3
1774,vault_agent,Database connection timeout after 6882ms | Pool exhausted,production,payment_service-4401,2026-06-04 06:11:49.412063,3
1775,vault_agent,Database connection pool utilization at 90% | Threshold: 80%,production,payment_service-4401,2026-06-04 06:11:49.412362,2
1776,vault_agent,Database connection timeout after 15718ms | Pool exhausted,production,payment_service-4401,2026-06-04 06:11:49.412310,3
1777,envoy_proxy,Response time degradation detected: avg 2174ms over last 60s,production,api_gateway-3301,2026-06-04 06:12:49.411920,2
1778,envoy_proxy,Successfully processed request in 151ms | Status 200,production,api_gateway-3301,2026-06-04 06:12:49.412015,1
1779,vault_agent,Successfully processed request in 119ms | Status 200,staging,payment_service-0041,2026-06-04 06:13:49.412183,1
1780,vault_agent,Successfully processed request in 55ms | Status 200,staging,payment_service-0041,2026-06-04 06:14:49.411861,1
1781,vault_agent,Database connection timeout after 28637ms | Pool exhausted,staging,payment_service-0041,2026-06-04 06:14:49.412122,3
1782,vault_agent,Downstream service payment_service returned HTTP 503 | Retry budget exceeded,staging,payment_service-0041,2026-06-04 06:14:49.412307,3
1783,vault_agent,Response time degradation detected: avg 1550ms over last 60s,staging,payment_service-0041,2026-06-04 06:14:49.411524,2
1784,envoy_proxy,Health check passed | Uptime: 502h | Memory stable,staging,api_gateway-0021,2026-06-04 06:15:49.412328,1
1785,envoy_proxy,Health check passed | Uptime: 278h | Memory stable,staging,api_gateway-0021,2026-06-04 06:15:49.411593,1
1786,envoy_proxy,Database connection pool utilization at 89% | Threshold: 80%,staging,api_gateway-0021,2026-06-04 06:15:49.412258,2
1787,envoy_proxy,Successfully processed request in 106ms | Status 200,staging,api_gateway-0021,2026-06-04 06:17:49.412283,1
1788,envoy_proxy,Health check passed | Uptime: 499h | Memory stable,staging,api_gateway-0021,2026-06-04 06:17:49.412145,1
1789,envoy_proxy,Successfully processed request in 25ms | Status 200,staging,api_gateway-0021,2026-06-04 06:17:49.411993,1
1790,envoy_proxy,Health check passed | Uptime: 274h | Memory stable,staging,api_gateway-0021,2026-06-04 06:17:49.412197,1
1791,envoy_proxy,Health check passed | Uptime: 186h | Memory stable,staging,api_gateway-0021,2026-06-04 06:17:49.412121,1
1792,vault_agent,Health check passed | Uptime: 440h | Memory stable,staging,payment_service-0041,2026-06-04 06:18:49.412338,1
1793,vault_agent,Database connection timeout after 13104ms | Pool exhausted,staging,payment_service-0041,2026-06-04 06:18:49.411875,3
1794,vault_agent,Health check passed | Uptime: 683h | Memory stable,staging,payment_service-0041,2026-06-04 06:18:49.411953,1
1795,vault_agent,Downstream service payment_service returned HTTP 503 | Retry budget exceeded,staging,payment_service-0041,2026-06-04 06:18:49.412438,3
1796,vault_agent,Database connection pool utilization at 84% | Threshold: 80%,staging,payment_service-0041,2026-06-04 06:18:49.411619,2
1797,envoy_proxy,Downstream service payment_service returned HTTP 503 | Retry budget exceeded,staging,api_gateway-0021,2026-06-04 06:19:49.411817,3
1798,envoy_proxy,Successfully processed request in 102ms | Status 200,production,api_gateway-3301,2026-06-04 06:20:49.412423,1
1799,envoy_proxy,Downstream service payment_service returned HTTP 503 | Retry budget exceeded,production,api_gateway-3301,2026-06-04 06:20:49.411645,3
1800,envoy_proxy,Downstream service payment_service returned HTTP 503 | Retry budget exceeded,staging,api_gateway-0021,2026-06-04 06:21:49.412439,3
1801,envoy_proxy,Successfully processed request in 59ms | Status 200,staging,api_gateway-0021,2026-06-04 06:21:49.411835,1
1802,api_gateway_container,Database connection timeout after 18361ms | Pool exhausted,staging,api_gateway-0021,2026-06-04 06:22:49.412397,3
1803,api_gateway_container,Database connection timeout after 4578ms | Pool exhausted,staging,api_gateway-0021,2026-06-04 06:22:49.411877,3
1804,api_gateway_container,Database connection pool utilization at 92% | Threshold: 80%,staging,api_gateway-0021,2026-06-04 06:22:49.411752,2
1805,api_gateway_container,Database connection timeout after 17984ms | Pool exhausted,staging,api_gateway-0021,2026-06-04 06:22:49.411883,3
1806,api_gateway_container,Response time degradation detected: avg 3828ms over last 60s,staging,api_gateway-0021,2026-06-04 06:22:49.412109,2
1807,api_gateway_container,Successfully processed request in 112ms | Status 200,production,api_gateway-3301,2026-06-04 06:24:49.412101,1
1808,api_gateway_container,Successfully processed request in 180ms | Status 200,production,api_gateway-3301,2026-06-04 06:24:49.412449,1
1809,api_gateway_container,Database connection timeout after 18294ms | Pool exhausted,staging,api_gateway-0021,2026-06-04 06:25:49.412194,3
1810,api_gateway_container,Database connection timeout after 21167ms | Pool exhausted,staging,api_gateway-0021,2026-06-04 06:25:49.412324,3
1811,api_gateway_container,Successfully processed request in 20ms | Status 200,staging,api_gateway-0021,2026-06-04 06:25:49.412199,1
1812,payment_container,Database connection pool utilization at 89% | Threshold: 80%,production,payment_service-4401,2026-06-04 06:26:49.412058,2
1813,payment_container,Health check passed | Uptime: 56h | Memory stable,production,payment_service-4401,2026-06-04 06:26:49.412375,1
1814,payment_container,Health check passed | Uptime: 157h | Memory stable,production,payment_service-4401,2026-06-04 06:26:49.411907,1
1815,payment_container,Response time degradation detected: avg 2676ms over last 60s,production,payment_service-4401,2026-06-04 06:26:49.411977,2
1816,payment_container,Health check passed | Uptime: 579h | Memory stable,production,payment_service-4401,2026-06-04 06:26:49.411829,1
1817,envoy_proxy,Database connection timeout after 18219ms | Pool exhausted,production,api_gateway-3301,2026-06-04 06:29:49.412261,3
1818,envoy_proxy,Health check passed | Uptime: 333h | Memory stable,production,api_gateway-3301,2026-06-04 06:29:49.412324,1
1819,envoy_proxy,Database connection pool utilization at 75% | Threshold: 80%,production,api_gateway-3301,2026-06-04 06:29:49.412348,2
1820,envoy_proxy,Downstream service payment_service returned HTTP 503 | Retry budget exceeded,production,api_gateway-3301,2026-06-04 06:29:49.411915,3
1821,vault_agent,Successfully processed request in 62ms | Status 200,staging,payment_service-0041,2026-06-04 06:30:49.412080,1
1822,vault_agent,Database connection pool utilization at 79% | Threshold: 80%,staging,payment_service-0041,2026-06-04 06:30:49.412340,2
1823,envoy_proxy,Health check passed | Uptime: 308h | Memory stable,staging,api_gateway-0021,2026-06-04 06:31:49.412034,1
1824,envoy_proxy,Downstream service payment_service returned HTTP 503 | Retry budget exceeded,staging,api_gateway-0021,2026-06-04 06:31:49.411969,3
1825,envoy_proxy,Downstream service payment_service returned HTTP 503 | Retry budget exceeded,staging,api_gateway-0021,2026-06-04 06:31:49.411797,3
1826,envoy_proxy,Health check passed | Uptime: 374h | Memory stable,staging,api_gateway-0021,2026-06-04 06:31:49.411554,1
1827,envoy_proxy,Response time degradation detected: avg 3923ms over last 60s,production,api_gateway-3301,2026-06-04 06:32:49.412146,2
1828,envoy_proxy,Database connection timeout after 3079ms | Pool exhausted,production,api_gateway-3301,2026-06-04 06:32:49.412064,3
1829,envoy_proxy,Response time degradation detected: avg 3634ms over last 60s,production,api_gateway-3301,2026-06-04 06:32:49.411854,2
1830,envoy_proxy,Successfully processed request in 171ms | Status 200,production,api_gateway-3301,2026-06-04 06:32:49.411609,1
1831,envoy_proxy,Response time degradation detected: avg 3323ms over last 60s,production,api_gateway-3301,2026-06-04 06:32:49.412053,2
1832,api_gateway_container,Health check passed | Uptime: 237h | Memory stable,production,api_gateway-3301,2026-06-04 06:34:49.412149,1
1833,api_gateway_container,Successfully processed request in 162ms | Status 200,production,api_gateway-3301,2026-06-04 06:34:49.411536,1
1834,api_gateway_container,Response time degradation detected: avg 3737ms over last 60s,production,api_gateway-3301,2026-06-04 06:34:49.411985,2
1835,api_gateway_container,Response time degradation detected: avg 864ms over last 60s,production,api_gateway-3301,2026-06-04 06:34:49.412104,2
1836,api_gateway_container,Health check passed | Uptime: 176h | Memory stable,production,api_gateway-3301,2026-06-04 06:34:49.411461,1
1837,api_gateway_container,Health check passed | Uptime: 530h | Memory stable,staging,api_gateway-0021,2026-06-04 06:35:49.411643,1
1838,api_gateway_container,Downstream service payment_service returned HTTP 503 | Retry budget exceeded,production,api_gateway-3301,2026-06-04 06:36:49.412330,3
1839,api_gateway_container,Health check passed | Uptime: 586h | Memory stable,production,api_gateway-3301,2026-06-04 06:36:49.412318,1
1840,vault_agent,Health check passed | Uptime: 635h | Memory stable,production,payment_service-4401,2026-06-04 06:37:49.411728,1
1841,vault_agent,Database connection timeout after 18493ms | Pool exhausted,production,payment_service-4401,2026-06-04 06:37:49.411494,3
1842,vault_agent,Database connection timeout after 14588ms | Pool exhausted,production,payment_service-4401,2026-06-04 06:37:49.411551,3
1843,vault_agent,Health check passed | Uptime: 322h | Memory stable,production,payment_service-4401,2026-06-04 06:37:49.412050,1
1844,api_gateway_container,Database connection timeout after 21318ms | Pool exhausted,staging,api_gateway-0021,2026-06-04 06:38:49.412198,3
1845,api_gateway_container,Successfully processed request in 87ms | Status 200,staging,api_gateway-0021,2026-06-04 06:38:49.411497,1
1846,api_gateway_container,Successfully processed request in 56ms | Status 200,staging,api_gateway-0021,2026-06-04 06:38:49.412105,1
1847,api_gateway_container,Health check passed | Uptime: 318h | Memory stable,staging,api_gateway-0021,2026-06-04 06:38:49.411842,1
1848,payment_container,Health check passed | Uptime: 296h | Memory stable,production,payment_service-4401,2026-06-04 06:40:49.412110,1
1849,payment_container,Database connection timeout after 17044ms | Pool exhausted,production,payment_service-4401,2026-06-04 06:40:49.411996,3
1850,payment_container,Health check passed | Uptime: 177h | Memory stable,production,payment_service-4401,2026-06-04 06:40:49.411808,1
1851,envoy_proxy,Database connection timeout after 9950ms | Pool exhausted,staging,api_gateway-0021,2026-06-04 06:41:49.411877,3
1852,envoy_proxy,Health check passed | Uptime: 217h | Memory stable,staging,api_gateway-0021,2026-06-04 06:41:49.411953,1
1853,envoy_proxy,Database connection timeout after 21435ms | Pool exhausted,staging,api_gateway-0021,2026-06-04 06:41:49.412119,3
1854,payment_container,Successfully processed request in 95ms | Status 200,production,payment_service-4401,2026-06-04 06:42:49.411989,1
1855,payment_container,Health check passed | Uptime: 485h | Memory stable,production,payment_service-4401,2026-06-04 06:42:49.411484,1
1856,payment_container,Successfully processed request in 144ms | Status 200,production,payment_service-4401,2026-06-04 06:42:49.412316,1
1857,api_gateway_container,Health check passed | Uptime: 280h | Memory stable,staging,api_gateway-0021,2026-06-04 06:43:49.412197,1
1858,api_gateway_container,Health check passed | Uptime: 593h | Memory stable,staging,api_gateway-0021,2026-06-04 06:43:49.411514,1
1859,api_gateway_container,Database connection pool utilization at 81% | Threshold: 80%,staging,api_gateway-0021,2026-06-04 06:44:49.411532,2
1860,api_gateway_container,Database connection timeout after 17600ms | Pool exhausted,staging,api_gateway-0021,2026-06-04 06:44:49.412257,3
1861,api_gateway_container,Database connection pool utilization at 94% | Threshold: 80%,production,api_gateway-3301,2026-06-04 06:45:49.411553,2
1862,api_gateway_container,Successfully processed request in 40ms | Status 200,production,api_gateway-3301,2026-06-04 06:45:49.412246,1
1863,envoy_proxy,Downstream service payment_service returned HTTP 503 | Retry budget exceeded,staging,api_gateway-0021,2026-06-04 06:46:49.412168,3
1864,envoy_proxy,Successfully processed request in 164ms | Status 200,production,api_gateway-3301,2026-06-04 06:47:49.411915,1
1865,envoy_proxy,Database connection pool utilization at 89% | Threshold: 80%,production,api_gateway-3301,2026-06-04 06:47:49.412126,2
1866,api_gateway_container,Database connection timeout after 5287ms | Pool exhausted,staging,api_gateway-0021,2026-06-04 06:48:49.411827,3
1867,api_gateway_container,Health check passed | Uptime: 80h | Memory stable,staging,api_gateway-0021,2026-06-04 06:48:49.411509,1
1868,api_gateway_container,Response time degradation detected: avg 2523ms over last 60s,staging,api_gateway-0021,2026-06-04 06:48:49.412206,2
1869,api_gateway_container,Database connection timeout after 19367ms | Pool exhausted,staging,api_gateway-0021,2026-06-04 06:48:49.412357,3
1870,envoy_proxy,Downstream service payment_service returned HTTP 503 | Retry budget exceeded,production,api_gateway-3301,2026-06-04 06:49:49.412425,3
1871,envoy_proxy,Database connection timeout after 8554ms | Pool exhausted,production,api_gateway-3301,2026-06-04 06:49:49.412442,3
1872,api_gateway_container,Health check passed | Uptime: 280h | Memory stable,staging,api_gateway-0021,2026-06-04 06:53:49.412387,1
1873,api_gateway_container,Health check passed | Uptime: 608h | Memory stable,staging,api_gateway-0021,2026-06-04 06:53:49.412126,1
1874,api_gateway_container,Response time degradation detected: avg 2958ms over last 60s,staging,api_gateway-0021,2026-06-04 06:53:49.411513,2
1875,vault_agent,Successfully processed request in 65ms | Status 200,staging,payment_service-0041,2026-06-04 06:54:49.411785,1
1876,vault_agent,Health check passed | Uptime: 376h | Memory stable,staging,payment_service-0041,2026-06-04 06:54:49.411869,1
1877,payment_container,Health check passed | Uptime: 230h | Memory stable,staging,payment_service-0041,2026-06-04 06:55:49.411547,1
1878,payment_container,Downstream service payment_service returned HTTP 503 | Retry budget exceeded,staging,payment_service-0041,2026-06-04 06:55:49.412044,3
1879,payment_container,Database connection pool utilization at 87% | Threshold: 80%,staging,payment_service-0041,2026-06-04 06:55:49.412397,2
1880,vault_agent,Health check passed | Uptime: 656h | Memory stable,staging,payment_service-0041,2026-06-04 06:56:49.412395,1
1881,vault_agent,Successfully processed request in 90ms | Status 200,staging,payment_service-0041,2026-06-04 06:56:49.411541,1
1882,vault_agent,Downstream service payment_service returned HTTP 503 | Retry budget exceeded,staging,payment_service-0041,2026-06-04 06:56:49.412421,3
1883,payment_container,Database connection timeout after 25160ms | Pool exhausted,production,payment_service-4401,2026-06-04 06:57:49.411674,3
1884,payment_container,Database connection timeout after 22559ms | Pool exhausted,production,payment_service-4401,2026-06-04 06:57:49.412067,3
1885,api_gateway_container,Database connection timeout after 29232ms | Pool exhausted,staging,api_gateway-0021,2026-06-04 06:58:49.412089,3
1886,vault_agent,Health check passed | Uptime: 421h | Memory stable,staging,payment_service-0041,2026-06-04 06:59:49.411811,1
1887,vault_agent,Database connection timeout after 18976ms | Pool exhausted,staging,payment_service-0041,2026-06-04 06:59:49.411790,3
1888,vault_agent,Downstream service payment_service returned HTTP 503 | Retry budget exceeded,staging,payment_service-0041,2026-06-04 06:59:49.412330,3
1889,vault_agent,Downstream service payment_service returned HTTP 503 | Retry budget exceeded,staging,payment_service-0041,2026-06-04 06:59:49.411938,3
1890,vault_agent,Downstream service payment_service returned HTTP 503 | Retry budget exceeded,staging,payment_service-0041,2026-06-04 06:59:49.412027,3
1891,api_gateway_container,Downstream service payment_service returned HTTP 503 | Retry budget exceeded,staging,api_gateway-0021,2026-06-04 07:00:49.411938,3
1892,api_gateway_container,Database connection timeout after 15644ms | Pool exhausted,staging,api_gateway-0021,2026-06-04 07:00:49.412256,3
1893,payment_container,Database connection timeout after 19660ms | Pool exhausted,staging,payment_service-0041,2026-06-04 07:02:49.412174,3
1894,envoy_proxy,Downstream service payment_service returned HTTP 503 | Retry budget exceeded,staging,api_gateway-0021,2026-06-04 07:03:49.411620,3
1895,vault_agent,Database connection timeout after 19032ms | Pool exhausted,production,payment_service-4401,2026-06-04 07:04:49.411722,3
1896,vault_agent,Successfully processed request in 36ms | Status 200,production,payment_service-4401,2026-06-04 07:04:49.411901,1
1897,vault_agent,Successfully processed request in 149ms | Status 200,production,payment_service-4401,2026-06-04 07:04:49.411822,1
1898,payment_container,Health check passed | Uptime: 76h | Memory stable,staging,payment_service-0041,2026-06-04 07:05:49.412325,1
1899,payment_container,Health check passed | Uptime: 399h | Memory stable,staging,payment_service-0041,2026-06-04 07:05:49.411501,1
1900,payment_container,Response time degradation detected: avg 2763ms over last 60s,staging,payment_service-0041,2026-06-04 07:05:49.411889,2
1901,payment_container,Health check passed | Uptime: 284h | Memory stable,staging,payment_service-0041,2026-06-04 07:05:49.412011,1
1902,payment_container,Successfully processed request in 105ms | Status 200,staging,payment_service-0041,2026-06-04 07:06:49.411984,1
1903,payment_container,Response time degradation detected: avg 4872ms over last 60s,staging,payment_service-0041,2026-06-04 07:06:49.412427,2
1904,payment_container,Successfully processed request in 72ms | Status 200,staging,payment_service-0041,2026-06-04 07:06:49.412275,1
1905,payment_container,Downstream service payment_service returned HTTP 503 | Retry budget exceeded,staging,payment_service-0041,2026-06-04 07:06:49.411701,3
1906,payment_container,Successfully processed request in 176ms | Status 200,staging,payment_service-0041,2026-06-04 07:06:49.411867,1
1907,vault_agent,Health check passed | Uptime: 654h | Memory stable,production,payment_service-4401,2026-06-04 07:08:49.412223,1
1908,vault_agent,Database connection timeout after 23406ms | Pool exhausted,production,payment_service-4401,2026-06-04 07:08:49.411608,3
1909,vault_agent,Successfully processed request in 196ms | Status 200,production,payment_service-4401,2026-06-04 07:08:49.412113,1
1910,vault_agent,Successfully processed request in 32ms | Status 200,production,payment_service-4401,2026-06-04 07:08:49.412048,1
1911,envoy_proxy,Health check passed | Uptime: 675h | Memory stable,staging,api_gateway-0021,2026-06-04 07:09:49.411695,1
1912,envoy_proxy,Response time degradation detected: avg 4148ms over last 60s,staging,api_gateway-0021,2026-06-04 07:09:49.411990,2
1913,envoy_proxy,Health check passed | Uptime: 80h | Memory stable,staging,api_gateway-0021,2026-06-04 07:09:49.411912,1
1914,envoy_proxy,Database connection timeout after 16475ms | Pool exhausted,staging,api_gateway-0021,2026-06-04 07:09:49.412335,3
1915,vault_agent,Downstream service payment_service returned HTTP 503 | Retry budget exceeded,production,payment_service-4401,2026-06-04 07:10:49.411460,3
1916,vault_agent,Successfully processed request in 191ms | Status 200,production,payment_service-4401,2026-06-04 07:10:49.411627,1
1917,vault_agent,Database connection timeout after 5083ms | Pool exhausted,production,payment_service-4401,2026-06-04 07:10:49.411843,3
1918,vault_agent,Successfully processed request in 159ms | Status 200,production,payment_service-4401,2026-06-04 07:11:49.411579,1
1919,envoy_proxy,Database connection timeout after 27383ms | Pool exhausted,production,api_gateway-3301,2026-06-04 07:12:49.412036,3
1920,envoy_proxy,Database connection timeout after 25675ms | Pool exhausted,production,api_gateway-3301,2026-06-04 07:12:49.412327,3
1921,envoy_proxy,Database connection timeout after 28872ms | Pool exhausted,production,api_gateway-3301,2026-06-04 07:12:49.411759,3
1922,envoy_proxy,Database connection pool utilization at 86% | Threshold: 80%,production,api_gateway-3301,2026-06-04 07:12:49.412422,2
1923,envoy_proxy,Database connection timeout after 6592ms | Pool exhausted,production,api_gateway-3301,2026-06-04 07:12:49.411552,3
1924,vault_agent,Successfully processed request in 54ms | Status 200,production,payment_service-4401,2026-06-04 07:13:49.412195,1
1925,vault_agent,Database connection timeout after 16984ms | Pool exhausted,production,payment_service-4401,2026-06-04 07:13:49.412387,3
1926,payment_container,Successfully processed request in 167ms | Status 200,production,payment_service-4401,2026-06-04 07:15:49.411966,1
1927,payment_container,Response time degradation detected: avg 4284ms over last 60s,production,payment_service-4401,2026-06-04 07:15:49.411799,2
1928,api_gateway_container,Health check passed | Uptime: 535h | Memory stable,production,api_gateway-3301,2026-06-04 07:16:49.411755,1
1929,payment_container,Response time degradation detected: avg 899ms over last 60s,production,payment_service-4401,2026-06-04 07:18:49.412266,2
1930,vault_agent,Response time degradation detected: avg 4498ms over last 60s,production,payment_service-4401,2026-06-04 07:19:49.412015,2
1931,vault_agent,Response time degradation detected: avg 2710ms over last 60s,production,payment_service-4401,2026-06-04 07:19:49.411867,2
1932,vault_agent,Health check passed | Uptime: 717h | Memory stable,production,payment_service-4401,2026-06-04 07:19:49.411951,1
1933,vault_agent,Successfully processed request in 147ms | Status 200,production,payment_service-4401,2026-06-04 07:19:49.411706,1
1934,vault_agent,Response time degradation detected: avg 2482ms over last 60s,staging,payment_service-0041,2026-06-04 07:20:49.412453,2
1935,vault_agent,Successfully processed request in 98ms | Status 200,staging,payment_service-0041,2026-06-04 07:20:49.412080,1
1936,vault_agent,Health check passed | Uptime: 76h | Memory stable,staging,payment_service-0041,2026-06-04 07:20:49.411941,1
1937,vault_agent,Health check passed | Uptime: 520h | Memory stable,production,payment_service-4401,2026-06-04 07:21:49.411675,1
1938,vault_agent,Health check passed | Uptime: 77h | Memory stable,production,payment_service-4401,2026-06-04 07:21:49.411648,1
1939,vault_agent,Response time degradation detected: avg 2974ms over last 60s,production,payment_service-4401,2026-06-04 07:21:49.411819,2
1940,vault_agent,Successfully processed request in 77ms | Status 200,production,payment_service-4401,2026-06-04 07:21:49.411588,1
1941,envoy_proxy,Database connection pool utilization at 80% | Threshold: 80%,staging,api_gateway-0021,2026-06-04 07:22:49.412153,2
1942,envoy_proxy,Response time degradation detected: avg 1199ms over last 60s,staging,api_gateway-0021,2026-06-04 07:22:49.411910,2
1943,envoy_proxy,Health check passed | Uptime: 302h | Memory stable,staging,api_gateway-0021,2026-06-04 07:22:49.411670,1
1944,envoy_proxy,Health check passed | Uptime: 47h | Memory stable,staging,api_gateway-0021,2026-06-04 07:22:49.411596,1
1945,payment_container,Response time degradation detected: avg 3901ms over last 60s,staging,payment_service-0041,2026-06-04 07:23:19.319083,2
1946,payment_container,Downstream service payment_service returned HTTP 503 | Retry budget exceeded,staging,payment_service-0041,2026-06-04 07:23:19.319309,3
1947,payment_container,Successfully processed request in 196ms | Status 200,staging,payment_service-0041,2026-06-04 07:23:19.319491,1
1948,payment_container,Downstream service payment_service returned HTTP 503 | Retry budget exceeded,staging,payment_service-0041,2026-06-04 07:23:19.319203,3
1949,payment_container,Health check passed | Uptime: 680h | Memory stable,staging,payment_service-0041,2026-06-04 07:23:19.319755,1
1950,payment_container,Health check passed | Uptime: 315h | Memory stable,staging,payment_service-0041,2026-06-04 07:23:22.308602,1
1951,payment_container,Successfully processed request in 110ms | Status 200,staging,payment_service-0041,2026-06-04 07:23:22.308458,1
1952,payment_container,Downstream service payment_service returned HTTP 503 | Retry budget exceeded,staging,payment_service-0041,2026-06-04 07:23:22.309067,3
1953,envoy_proxy,Database connection timeout after 6603ms | Pool exhausted,production,api_gateway-3301,2026-06-04 07:23:25.305495,3
1954,vault_agent,Response time degradation detected: avg 834ms over last 60s,staging,payment_service-0041,2026-06-04 07:23:28.319933,2
1955,vault_agent,Health check passed | Uptime: 61h | Memory stable,staging,payment_service-0041,2026-06-04 07:23:28.319449,1
1956,vault_agent,Health check passed | Uptime: 195h | Memory stable,staging,payment_service-0041,2026-06-04 07:23:28.319392,1
1957,vault_agent,Successfully processed request in 48ms | Status 200,staging,payment_service-0041,2026-06-04 07:23:28.319921,1
1958,vault_agent,Response time degradation detected: avg 2032ms over last 60s,staging,payment_service-0041,2026-06-04 07:23:28.319162,2
1959,envoy_proxy,Successfully processed request in 121ms | Status 200,staging,api_gateway-0021,2026-06-04 07:23:34.306841,1
1960,envoy_proxy,Downstream service payment_service returned HTTP 503 | Retry budget exceeded,staging,api_gateway-0021,2026-06-04 07:23:34.307396,3
1961,envoy_proxy,Downstream service payment_service returned HTTP 503 | Retry budget exceeded,staging,api_gateway-0021,2026-06-04 07:23:34.306826,3
1962,envoy_proxy,Database connection pool utilization at 87% | Threshold: 80%,staging,api_gateway-0021,2026-06-04 07:23:34.307204,2
1963,envoy_proxy,Health check passed | Uptime: 221h | Memory stable,staging,api_gateway-0021,2026-06-04 07:23:34.307373,1
1964,api_gateway_container,Database connection timeout after 14766ms | Pool exhausted,production,api_gateway-3301,2026-06-04 07:23:37.315211,3
1965,api_gateway_container,Database connection pool utilization at 76% | Threshold: 80%,production,api_gateway-3301,2026-06-04 07:23:37.315264,2
1966,api_gateway_container,Successfully processed request in 141ms | Status 200,production,api_gateway-3301,2026-06-04 07:23:37.314945,1
1967,api_gateway_container,Health check passed | Uptime: 391h | Memory stable,production,api_gateway-3301,2026-06-04 07:23:37.314970,1
1968,envoy_proxy,Successfully processed request in 78ms | Status 200,staging,api_gateway-0021,2026-06-04 07:23:40.313045,1
1969,envoy_proxy,Health check passed | Uptime: 417h | Memory stable,staging,api_gateway-0021,2026-06-04 07:23:40.312695,1
1970,envoy_proxy,Successfully processed request in 158ms | Status 200,staging,api_gateway-0021,2026-06-04 07:23:40.312453,1
1971,vault_agent,Database connection pool utilization at 77% | Threshold: 80%,production,payment_service-4401,2026-06-04 07:23:46.305689,2
1972,vault_agent,Successfully processed request in 49ms | Status 200,production,payment_service-4401,2026-06-04 07:23:46.306275,1
1973,vault_agent,Successfully processed request in 146ms | Status 200,production,payment_service-4401,2026-06-04 07:23:46.305753,1
1974,envoy_proxy,Downstream service payment_service returned HTTP 503 | Retry budget exceeded,production,api_gateway-3301,2026-06-04 07:23:49.307512,3
1975,envoy_proxy,Database connection pool utilization at 92% | Threshold: 80%,production,api_gateway-3301,2026-06-04 07:23:49.307085,2
1976,envoy_proxy,Health check passed | Uptime: 125h | Memory stable,staging,api_gateway-0021,2026-06-04 07:23:55.320023,1
1977,envoy_proxy,Database connection pool utilization at 82% | Threshold: 80%,staging,api_gateway-0021,2026-06-04 07:23:55.319431,2
1978,envoy_proxy,Database connection pool utilization at 87% | Threshold: 80%,staging,api_gateway-0021,2026-06-04 07:23:55.319336,2
1979,envoy_proxy,Successfully processed request in 76ms | Status 200,staging,api_gateway-0021,2026-06-04 07:23:55.319814,1
1980,api_gateway_container,Database connection pool utilization at 91% | Threshold: 80%,production,api_gateway-3301,2026-06-04 07:24:01.319415,2
1981,api_gateway_container,Health check passed | Uptime: 484h | Memory stable,production,api_gateway-3301,2026-06-04 07:24:01.319181,1
1982,api_gateway_container,Response time degradation detected: avg 919ms over last 60s,production,api_gateway-3301,2026-06-04 07:24:01.319659,2
1983,api_gateway_container,Database connection timeout after 29665ms | Pool exhausted,production,api_gateway-3301,2026-06-04 07:24:01.319771,3
1984,envoy_proxy,Successfully processed request in 18ms | Status 200,production,api_gateway-3301,2026-06-04 07:24:04.314558,1
1985,envoy_proxy,Health check passed | Uptime: 486h | Memory stable,production,api_gateway-3301,2026-06-04 07:24:04.315059,1
1986,envoy_proxy,Database connection timeout after 5095ms | Pool exhausted,production,api_gateway-3301,2026-06-04 07:24:04.315154,3
1987,api_gateway_container,Health check passed | Uptime: 331h | Memory stable,production,api_gateway-3301,2026-06-04 07:24:10.312366,1
1988,api_gateway_container,Successfully processed request in 175ms | Status 200,production,api_gateway-3301,2026-06-04 07:24:10.312707,1
1989,vault_agent,Health check passed | Uptime: 569h | Memory stable,staging,payment_service-0041,2026-06-04 07:24:13.313118,1
1990,vault_agent,Successfully processed request in 6ms | Status 200,staging,payment_service-0041,2026-06-04 07:24:13.312602,1
1991,vault_agent,Health check passed | Uptime: 432h | Memory stable,staging,payment_service-0041,2026-06-04 07:24:13.313487,1
1992,vault_agent,Successfully processed request in 16ms | Status 200,staging,payment_service-0041,2026-06-04 07:24:13.313211,1
1993,vault_agent,Health check passed | Uptime: 660h | Memory stable,staging,payment_service-0041,2026-06-04 07:24:13.312751,1
1994,payment_container,Successfully processed request in 194ms | Status 200,staging,payment_service-0041,2026-06-04 07:24:19.310375,1
1995,payment_container,Response time degradation detected: avg 2280ms over last 60s,staging,payment_service-0041,2026-06-04 07:24:19.310454,2
1996,vault_agent,Response time degradation detected: avg 2818ms over last 60s,production,payment_service-4401,2026-06-04 07:24:22.313289,2
1997,vault_agent,Health check passed | Uptime: 158h | Memory stable,production,payment_service-4401,2026-06-04 07:24:22.313442,1
1998,vault_agent,Successfully processed request in 47ms | Status 200,production,payment_service-4401,2026-06-04 07:24:22.313676,1
1999,vault_agent,Database connection pool utilization at 90% | Threshold: 80%,production,payment_service-4401,2026-06-04 07:24:22.313940,2
2000,payment_container,Successfully processed request in 19ms | Status 200,staging,payment_service-0041,2026-06-04 07:24:25.317587,1
2001,api_gateway_container,Database connection timeout after 6741ms | Pool exhausted,production,api_gateway-3301,2026-06-04 07:24:28.308412,3
2002,api_gateway_container,Successfully processed request in 51ms | Status 200,production,api_gateway-3301,2026-06-04 07:24:28.307623,1
2003,api_gateway_container,Health check passed | Uptime: 553h | Memory stable,production,api_gateway-3301,2026-06-04 07:24:28.307895,1
2004,vault_agent,Database connection pool utilization at 84% | Threshold: 80%,production,payment_service-4401,2026-06-04 07:24:34.314381,2
2005,vault_agent,Database connection pool utilization at 94% | Threshold: 80%,production,payment_service-4401,2026-06-04 07:24:34.314203,2
2006,vault_agent,Database connection pool utilization at 86% | Threshold: 80%,production,payment_service-4401,2026-06-04 07:24:34.313834,2
2007,vault_agent,Successfully processed request in 103ms | Status 200,production,payment_service-4401,2026-06-04 07:24:34.313950,1
2008,envoy_proxy,Successfully processed request in 24ms | Status 200,production,api_gateway-3301,2026-06-04 07:24:37.318302,1
2009,envoy_proxy,Successfully processed request in 94ms | Status 200,production,api_gateway-3301,2026-06-04 07:24:37.318057,1
2010,envoy_proxy,Health check passed | Uptime: 553h | Memory stable,production,api_gateway-3301,2026-06-04 07:24:37.318481,1
2011,payment_container,Successfully processed request in 163ms | Status 200,staging,payment_service-0041,2026-06-04 07:24:40.314721,1
2012,payment_container,Database connection timeout after 18881ms | Pool exhausted,staging,payment_service-0041,2026-06-04 07:24:40.314900,3
2013,payment_container,Downstream service payment_service returned HTTP 503 | Retry budget exceeded,staging,payment_service-0041,2026-06-04 07:24:40.314383,3
2014,vault_agent,Health check passed | Uptime: 52h | Memory stable,production,payment_service-4401,2026-06-04 05:26:19.475795,1
2015,vault_agent,Successfully processed request in 19ms | Status 200,production,payment_service-4401,2026-06-04 05:26:19.476127,1
2016,vault_agent,Successfully processed request in 136ms | Status 200,production,payment_service-4401,2026-06-04 05:26:19.475350,1
2017,payment_container,Database connection timeout after 21350ms | Pool exhausted,staging,payment_service-0041,2026-06-04 05:28:19.475476,3
2018,envoy_proxy,Successfully processed request in 166ms | Status 200,production,api_gateway-3301,2026-06-04 05:29:19.475444,1
2019,envoy_proxy,Health check passed | Uptime: 553h | Memory stable,production,api_gateway-3301,2026-06-04 05:29:19.475469,1
2020,envoy_proxy,Database connection timeout after 4558ms | Pool exhausted,production,api_gateway-3301,2026-06-04 05:29:19.475715,3
2021,payment_container,Database connection pool utilization at 83% | Threshold: 80%,staging,payment_service-0041,2026-06-04 05:30:19.475427,2
2022,payment_container,Health check passed | Uptime: 483h | Memory stable,staging,payment_service-0041,2026-06-04 05:30:19.476274,1
2023,payment_container,Successfully processed request in 95ms | Status 200,staging,payment_service-0041,2026-06-04 05:30:19.476040,1
2024,payment_container,Database connection pool utilization at 84% | Threshold: 80%,staging,payment_service-0041,2026-06-04 05:30:19.475869,2
2025,payment_container,Health check passed | Uptime: 318h | Memory stable,staging,payment_service-0041,2026-06-04 05:31:19.475586,1
2026,payment_container,Database connection pool utilization at 92% | Threshold: 80%,staging,payment_service-0041,2026-06-04 05:31:19.476270,2
2027,payment_container,Database connection pool utilization at 85% | Threshold: 80%,staging,payment_service-0041,2026-06-04 05:31:19.475500,2
2028,payment_container,Successfully processed request in 185ms | Status 200,staging,payment_service-0041,2026-06-04 05:31:19.475467,1
2029,payment_container,Database connection pool utilization at 79% | Threshold: 80%,staging,payment_service-0041,2026-06-04 05:31:19.475593,2
2030,vault_agent,Health check passed | Uptime: 31h | Memory stable,staging,payment_service-0041,2026-06-04 05:32:19.475378,1
2031,vault_agent,Downstream service payment_service returned HTTP 503 | Retry budget exceeded,staging,payment_service-0041,2026-06-04 05:32:19.475632,3
2032,api_gateway_container,Database connection pool utilization at 94% | Threshold: 80%,production,api_gateway-3301,2026-06-04 05:33:19.475808,2
2033,api_gateway_container,Response time degradation detected: avg 843ms over last 60s,production,api_gateway-3301,2026-06-04 05:33:19.475406,2
2034,api_gateway_container,Downstream service payment_service returned HTTP 503 | Retry budget exceeded,production,api_gateway-3301,2026-06-04 05:35:19.475610,3
2035,api_gateway_container,Response time degradation detected: avg 4329ms over last 60s,production,api_gateway-3301,2026-06-04 05:35:19.475545,2
2036,envoy_proxy,Response time degradation detected: avg 4631ms over last 60s,production,api_gateway-3301,2026-06-04 05:36:19.475819,2
2037,payment_container,Successfully processed request in 56ms | Status 200,production,payment_service-4401,2026-06-04 05:37:19.475635,1
2038,payment_container,Health check passed | Uptime: 614h | Memory stable,production,payment_service-4401,2026-06-04 05:37:19.475889,1
2039,payment_container,Successfully processed request in 22ms | Status 200,production,payment_service-4401,2026-06-04 05:37:19.475805,1
2040,envoy_proxy,Database connection pool utilization at 94% | Threshold: 80%,staging,api_gateway-0021,2026-06-04 05:39:19.475957,2
2041,envoy_proxy,Database connection pool utilization at 91% | Threshold: 80%,staging,api_gateway-0021,2026-06-04 05:39:19.476113,2
2042,envoy_proxy,Response time degradation detected: avg 2132ms over last 60s,staging,api_gateway-0021,2026-06-04 05:39:19.475907,2
2043,envoy_proxy,Health check passed | Uptime: 311h | Memory stable,staging,api_gateway-0021,2026-06-04 05:39:19.475978,1
2044,envoy_proxy,Health check passed | Uptime: 126h | Memory stable,staging,api_gateway-0021,2026-06-04 05:39:19.475684,1
2045,payment_container,Database connection pool utilization at 90% | Threshold: 80%,staging,payment_service-0041,2026-06-04 05:40:19.475727,2
2046,payment_container,Health check passed | Uptime: 70h | Memory stable,staging,payment_service-0041,2026-06-04 05:40:19.476281,1
2047,payment_container,Successfully processed request in 40ms | Status 200,production,payment_service-4401,2026-06-04 05:41:19.475362,1
2048,envoy_proxy,Health check passed | Uptime: 248h | Memory stable,production,api_gateway-3301,2026-06-04 05:43:19.475578,1
2049,envoy_proxy,Response time degradation detected: avg 2703ms over last 60s,production,api_gateway-3301,2026-06-04 05:43:19.475895,2
2050,envoy_proxy,Successfully processed request in 21ms | Status 200,production,api_gateway-3301,2026-06-04 05:43:19.476239,1
2051,envoy_proxy,Downstream service payment_service returned HTTP 503 | Retry budget exceeded,production,api_gateway-3301,2026-06-04 05:43:19.475336,3
2052,payment_container,Response time degradation detected: avg 2866ms over last 60s,staging,payment_service-0041,2026-06-04 05:44:19.475883,2
2053,api_gateway_container,Database connection pool utilization at 83% | Threshold: 80%,production,api_gateway-3301,2026-06-04 05:45:19.475807,2
2054,api_gateway_container,Database connection pool utilization at 81% | Threshold: 80%,production,api_gateway-3301,2026-06-04 05:45:19.476002,2
2055,api_gateway_container,Database connection timeout after 3307ms | Pool exhausted,production,api_gateway-3301,2026-06-04 05:45:19.475376,3
2056,payment_container,Successfully processed request in 26ms | Status 200,production,payment_service-4401,2026-06-04 05:46:19.475403,1
2057,payment_container,Response time degradation detected: avg 4807ms over last 60s,production,payment_service-4401,2026-06-04 05:46:19.475803,2
2058,payment_container,Database connection timeout after 8854ms | Pool exhausted,production,payment_service-4401,2026-06-04 05:46:19.476284,3
2059,payment_container,Successfully processed request in 59ms | Status 200,staging,payment_service-0041,2026-06-04 05:48:19.475815,1
2060,payment_container,Downstream service payment_service returned HTTP 503 | Retry budget exceeded,staging,payment_service-0041,2026-06-04 05:49:19.475579,3
2061,payment_container,Database connection timeout after 11675ms | Pool exhausted,staging,payment_service-0041,2026-06-04 05:49:19.475466,3
2062,payment_container,Successfully processed request in 194ms | Status 200,staging,payment_service-0041,2026-06-04 05:49:19.475661,1
2063,payment_container,Successfully processed request in 118ms | Status 200,staging,payment_service-0041,2026-06-04 05:49:19.476187,1
2064,payment_container,Response time degradation detected: avg 3296ms over last 60s,production,payment_service-4401,2026-06-04 05:51:19.476017,2
2065,payment_container,Database connection timeout after 22809ms | Pool exhausted,production,payment_service-4401,2026-06-04 05:51:19.476181,3
2066,payment_container,Health check passed | Uptime: 392h | Memory stable,production,payment_service-4401,2026-06-04 05:51:19.476135,1
2067,payment_container,Database connection pool utilization at 75% | Threshold: 80%,staging,payment_service-0041,2026-06-04 05:52:19.475605,2
2068,payment_container,Health check passed | Uptime: 466h | Memory stable,staging,payment_service-0041,2026-06-04 05:52:19.476031,1
2069,payment_container,Database connection pool utilization at 77% | Threshold: 80%,staging,payment_service-0041,2026-06-04 05:52:19.475475,2
2070,payment_container,Successfully processed request in 76ms | Status 200,staging,payment_service-0041,2026-06-04 05:52:19.475421,1
2071,payment_container,Successfully processed request in 127ms | Status 200,staging,payment_service-0041,2026-06-04 05:52:19.475921,1
2072,vault_agent,Health check passed | Uptime: 93h | Memory stable,staging,payment_service-0041,2026-06-04 05:55:19.475342,1
2073,envoy_proxy,Downstream service payment_service returned HTTP 503 | Retry budget exceeded,production,api_gateway-3301,2026-06-04 05:56:19.475955,3
2074,envoy_proxy,Health check passed | Uptime: 87h | Memory stable,production,api_gateway-3301,2026-06-04 05:56:19.475485,1
2075,envoy_proxy,Health check passed | Uptime: 610h | Memory stable,production,api_gateway-3301,2026-06-04 05:56:19.475953,1
2076,envoy_proxy,Successfully processed request in 88ms | Status 200,production,api_gateway-3301,2026-06-04 05:56:19.475614,1
2077,vault_agent,Response time degradation detected: avg 3464ms over last 60s,staging,payment_service-0041,2026-06-04 05:57:19.475822,2
2078,vault_agent,Successfully processed request in 152ms | Status 200,staging,payment_service-0041,2026-06-04 05:57:19.476269,1
2079,vault_agent,Database connection timeout after 7950ms | Pool exhausted,staging,payment_service-0041,2026-06-04 05:57:19.476155,3
2080,vault_agent,Downstream service payment_service returned HTTP 503 | Retry budget exceeded,staging,payment_service-0041,2026-06-04 05:57:19.475703,3
2081,envoy_proxy,Health check passed | Uptime: 518h | Memory stable,production,api_gateway-3301,2026-06-04 05:58:19.475391,1
2082,envoy_proxy,Successfully processed request in 136ms | Status 200,production,api_gateway-3301,2026-06-04 05:58:19.476218,1
2083,api_gateway_container,Health check passed | Uptime: 362h | Memory stable,production,api_gateway-3301,2026-06-04 05:59:19.476158,1
2084,api_gateway_container,Health check passed | Uptime: 149h | Memory stable,production,api_gateway-3301,2026-06-04 05:59:19.475472,1
2085,api_gateway_container,Successfully processed request in 41ms | Status 200,production,api_gateway-3301,2026-06-04 06:00:19.475358,1
2086,api_gateway_container,Health check passed | Uptime: 263h | Memory stable,production,api_gateway-3301,2026-06-04 06:00:19.475564,1
2087,api_gateway_container,Health check passed | Uptime: 316h | Memory stable,production,api_gateway-3301,2026-06-04 06:00:19.476309,1
2088,envoy_proxy,Successfully processed request in 158ms | Status 200,production,api_gateway-3301,2026-06-04 06:01:19.475712,1
2089,envoy_proxy,Successfully processed request in 34ms | Status 200,production,api_gateway-3301,2026-06-04 06:01:19.475838,1
2090,envoy_proxy,Successfully processed request in 193ms | Status 200,production,api_gateway-3301,2026-06-04 06:01:19.475402,1
2091,envoy_proxy,Database connection pool utilization at 81% | Threshold: 80%,staging,api_gateway-0021,2026-06-04 06:02:19.476106,2
2092,envoy_proxy,Successfully processed request in 121ms | Status 200,staging,api_gateway-0021,2026-06-04 06:02:19.476179,1
2093,envoy_proxy,Database connection pool utilization at 80% | Threshold: 80%,staging,api_gateway-0021,2026-06-04 06:02:19.476194,2
2094,envoy_proxy,Successfully processed request in 89ms | Status 200,staging,api_gateway-0021,2026-06-04 06:02:19.475420,1
2095,envoy_proxy,Database connection timeout after 26520ms | Pool exhausted,staging,api_gateway-0021,2026-06-04 06:02:19.475519,3
2096,payment_container,Successfully processed request in 17ms | Status 200,production,payment_service-4401,2026-06-04 06:03:19.476151,1
2097,envoy_proxy,Downstream service payment_service returned HTTP 503 | Retry budget exceeded,staging,api_gateway-0021,2026-06-04 06:04:19.475810,3
2098,envoy_proxy,Database connection pool utilization at 79% | Threshold: 80%,staging,api_gateway-0021,2026-06-04 06:04:19.475332,2
2099,envoy_proxy,Successfully processed request in 101ms | Status 200,staging,api_gateway-0021,2026-06-04 06:04:19.475712,1
2100,envoy_proxy,Successfully processed request in 22ms | Status 200,staging,api_gateway-0021,2026-06-04 06:06:19.476204,1
2101,envoy_proxy,Downstream service payment_service returned HTTP 503 | Retry budget exceeded,staging,api_gateway-0021,2026-06-04 06:06:19.475559,3
2102,envoy_proxy,Health check passed | Uptime: 294h | Memory stable,staging,api_gateway-0021,2026-06-04 06:06:19.476232,1
2103,payment_container,Successfully processed request in 25ms | Status 200,production,payment_service-4401,2026-06-04 06:07:19.475441,1
2104,payment_container,Successfully processed request in 137ms | Status 200,production,payment_service-4401,2026-06-04 06:07:19.475649,1
2105,vault_agent,Database connection pool utilization at 94% | Threshold: 80%,staging,payment_service-0041,2026-06-04 06:08:19.475903,2
2106,vault_agent,Database connection timeout after 27432ms | Pool exhausted,staging,payment_service-0041,2026-06-04 06:08:19.475902,3
2107,vault_agent,Database connection timeout after 21087ms | Pool exhausted,staging,payment_service-0041,2026-06-04 06:08:19.475946,3
2108,vault_agent,Database connection pool utilization at 83% | Threshold: 80%,staging,payment_service-0041,2026-06-04 06:08:19.475438,2
2109,envoy_proxy,Successfully processed request in 192ms | Status 200,staging,api_gateway-0021,2026-06-04 06:09:19.475731,1
2110,envoy_proxy,Database connection pool utilization at 94% | Threshold: 80%,staging,api_gateway-0021,2026-06-04 06:09:19.475884,2
2111,vault_agent,Health check passed | Uptime: 180h | Memory stable,production,payment_service-4401,2026-06-04 06:11:19.475914,1
2112,envoy_proxy,Successfully processed request in 106ms | Status 200,production,api_gateway-3301,2026-06-04 06:12:19.475764,1
2113,envoy_proxy,Health check passed | Uptime: 133h | Memory stable,production,api_gateway-3301,2026-06-04 06:12:19.475571,1
2114,envoy_proxy,Database connection timeout after 3646ms | Pool exhausted,production,api_gateway-3301,2026-06-04 06:12:19.475910,3
2115,payment_container,Response time degradation detected: avg 2584ms over last 60s,production,payment_service-4401,2026-06-04 06:14:19.475609,2
2116,payment_container,Health check passed | Uptime: 628h | Memory stable,production,payment_service-4401,2026-06-04 06:14:19.475466,1
2117,payment_container,Health check passed | Uptime: 434h | Memory stable,production,payment_service-4401,2026-06-04 06:14:19.475864,1
2118,payment_container,Successfully processed request in 151ms | Status 200,production,payment_service-4401,2026-06-04 06:14:19.475411,1
2119,payment_container,Health check passed | Uptime: 492h | Memory stable,production,payment_service-4401,2026-06-04 06:14:19.475553,1
2120,payment_container,Response time degradation detected: avg 4038ms over last 60s,production,payment_service-4401,2026-06-04 06:15:19.475386,2
2121,payment_container,Database connection pool utilization at 80% | Threshold: 80%,production,payment_service-4401,2026-06-04 06:15:19.475621,2
2122,vault_agent,Database connection pool utilization at 83% | Threshold: 80%,staging,payment_service-0041,2026-06-04 06:17:19.475967,2
2123,vault_agent,Successfully processed request in 49ms | Status 200,staging,payment_service-0041,2026-06-04 06:17:19.476118,1
2124,envoy_proxy,Database connection pool utilization at 77% | Threshold: 80%,production,api_gateway-3301,2026-06-04 06:18:19.476164,2
2125,envoy_proxy,Successfully processed request in 134ms | Status 200,production,api_gateway-3301,2026-06-04 06:18:19.475722,1
2126,envoy_proxy,Health check passed | Uptime: 184h | Memory stable,production,api_gateway-3301,2026-06-04 06:18:19.476069,1
2127,envoy_proxy,Health check passed | Uptime: 350h | Memory stable,production,api_gateway-3301,2026-06-04 06:18:19.476034,1
2128,envoy_proxy,Successfully processed request in 58ms | Status 200,production,api_gateway-3301,2026-06-04 06:18:19.475743,1
2129,vault_agent,Database connection timeout after 19829ms | Pool exhausted,staging,payment_service-0041,2026-06-04 06:19:19.475605,3
2130,vault_agent,Downstream service payment_service returned HTTP 503 | Retry budget exceeded,staging,payment_service-0041,2026-06-04 06:19:19.475880,3
2131,vault_agent,Successfully processed request in 8ms | Status 200,staging,payment_service-0041,2026-06-04 06:19:19.475350,1
2132,vault_agent,Health check passed | Uptime: 712h | Memory stable,staging,payment_service-0041,2026-06-04 06:19:19.475406,1
2133,vault_agent,Downstream service payment_service returned HTTP 503 | Retry budget exceeded,production,payment_service-4401,2026-06-04 06:20:19.476280,3
2134,vault_agent,Downstream service payment_service returned HTTP 503 | Retry budget exceeded,production,payment_service-4401,2026-06-04 06:20:19.475456,3
2135,payment_container,Database connection pool utilization at 94% | Threshold: 80%,staging,payment_service-0041,2026-06-04 06:21:19.475672,2
2136,payment_container,Response time degradation detected: avg 2376ms over last 60s,staging,payment_service-0041,2026-06-04 06:21:19.476079,2
2137,envoy_proxy,Downstream service payment_service returned HTTP 503 | Retry budget exceeded,staging,api_gateway-0021,2026-06-04 06:22:19.476149,3
2138,payment_container,Database connection pool utilization at 84% | Threshold: 80%,staging,payment_service-0041,2026-06-04 06:23:19.475621,2
2139,vault_agent,Database connection pool utilization at 77% | Threshold: 80%,production,payment_service-4401,2026-06-04 06:24:19.475631,2
2140,vault_agent,Successfully processed request in 80ms | Status 200,production,payment_service-4401,2026-06-04 06:24:19.475422,1
2141,api_gateway_container,Database connection pool utilization at 81% | Threshold: 80%,staging,api_gateway-0021,2026-06-04 06:25:19.475450,2
2142,api_gateway_container,Health check passed | Uptime: 274h | Memory stable,staging,api_gateway-0021,2026-06-04 06:26:19.475873,1
2143,api_gateway_container,Database connection timeout after 20732ms | Pool exhausted,staging,api_gateway-0021,2026-06-04 06:26:19.475918,3
2144,api_gateway_container,Successfully processed request in 197ms | Status 200,staging,api_gateway-0021,2026-06-04 06:26:19.475606,1
2145,envoy_proxy,Successfully processed request in 51ms | Status 200,production,api_gateway-3301,2026-06-04 06:28:19.475825,1
2146,envoy_proxy,Database connection timeout after 12434ms | Pool exhausted,production,api_gateway-3301,2026-06-04 06:28:19.475549,3
2147,envoy_proxy,Health check passed | Uptime: 202h | Memory stable,production,api_gateway-3301,2026-06-04 06:28:19.475419,1
2148,envoy_proxy,Successfully processed request in 106ms | Status 200,production,api_gateway-3301,2026-06-04 06:29:19.475521,1
2149,envoy_proxy,Successfully processed request in 10ms | Status 200,production,api_gateway-3301,2026-06-04 06:29:19.476082,1
2150,vault_agent,Database connection timeout after 19812ms | Pool exhausted,production,payment_service-4401,2026-06-04 06:30:19.475546,3
2151,envoy_proxy,Response time degradation detected: avg 4313ms over last 60s,staging,api_gateway-0021,2026-06-04 06:31:19.475317,2
2152,envoy_proxy,Database connection pool utilization at 92% | Threshold: 80%,staging,api_gateway-0021,2026-06-04 06:31:19.475572,2
2153,payment_container,Successfully processed request in 66ms | Status 200,production,payment_service-4401,2026-06-04 06:32:19.475473,1
2154,api_gateway_container,Database connection pool utilization at 91% | Threshold: 80%,staging,api_gateway-0021,2026-06-04 06:33:19.475484,2
2155,api_gateway_container,Health check passed | Uptime: 683h | Memory stable,staging,api_gateway-0021,2026-06-04 06:33:19.475463,1
2156,api_gateway_container,Response time degradation detected: avg 870ms over last 60s,staging,api_gateway-0021,2026-06-04 06:34:19.475899,2
2157,api_gateway_container,Database connection pool utilization at 90% | Threshold: 80%,staging,api_gateway-0021,2026-06-04 06:34:19.476059,2
2158,api_gateway_container,Health check passed | Uptime: 351h | Memory stable,staging,api_gateway-0021,2026-06-04 06:34:19.475950,1
2159,api_gateway_container,Health check passed | Uptime: 12h | Memory stable,staging,api_gateway-0021,2026-06-04 06:34:19.475622,1
2160,payment_container,Successfully processed request in 123ms | Status 200,production,payment_service-4401,2026-06-04 06:35:19.475563,1
2161,payment_container,Downstream service payment_service returned HTTP 503 | Retry budget exceeded,production,payment_service-4401,2026-06-04 06:35:19.475422,3
2162,payment_container,Database connection pool utilization at 85% | Threshold: 80%,production,payment_service-4401,2026-06-04 06:35:19.475447,2
2163,payment_container,Response time degradation detected: avg 1188ms over last 60s,production,payment_service-4401,2026-06-04 06:35:19.476230,2
2164,envoy_proxy,Health check passed | Uptime: 498h | Memory stable,staging,api_gateway-0021,2026-06-04 06:37:19.475790,1
2165,envoy_proxy,Successfully processed request in 193ms | Status 200,staging,api_gateway-0021,2026-06-04 06:37:19.475562,1
2166,envoy_proxy,Downstream service payment_service returned HTTP 503 | Retry budget exceeded,production,api_gateway-3301,2026-06-04 06:38:19.476029,3
2167,envoy_proxy,Health check passed | Uptime: 319h | Memory stable,production,api_gateway-3301,2026-06-04 06:38:19.475898,1
2168,envoy_proxy,Health check passed | Uptime: 11h | Memory stable,production,api_gateway-3301,2026-06-04 06:38:19.475437,1
2169,envoy_proxy,Health check passed | Uptime: 469h | Memory stable,production,api_gateway-3301,2026-06-04 06:38:19.475733,1
2170,envoy_proxy,Downstream service payment_service returned HTTP 503 | Retry budget exceeded,production,api_gateway-3301,2026-06-04 06:38:19.475534,3
2171,api_gateway_container,Successfully processed request in 190ms | Status 200,production,api_gateway-3301,2026-06-04 06:39:19.475903,1
2172,api_gateway_container,Response time degradation detected: avg 4915ms over last 60s,production,api_gateway-3301,2026-06-04 06:39:19.475342,2
2173,api_gateway_container,Health check passed | Uptime: 357h | Memory stable,production,api_gateway-3301,2026-06-04 06:39:19.475877,1
2174,vault_agent,Health check passed | Uptime: 518h | Memory stable,staging,payment_service-0041,2026-06-04 06:41:19.475555,1
2175,vault_agent,Successfully processed request in 161ms | Status 200,staging,payment_service-0041,2026-06-04 06:41:19.475649,1
2176,vault_agent,Database connection timeout after 22352ms | Pool exhausted,staging,payment_service-0041,2026-06-04 06:41:19.475510,3
2177,vault_agent,Database connection timeout after 26751ms | Pool exhausted,staging,payment_service-0041,2026-06-04 06:41:19.475388,3
2178,envoy_proxy,Health check passed | Uptime: 225h | Memory stable,staging,api_gateway-0021,2026-06-04 06:42:19.475663,1
2179,envoy_proxy,Health check passed | Uptime: 646h | Memory stable,staging,api_gateway-0021,2026-06-04 06:42:19.475381,1
2180,envoy_proxy,Successfully processed request in 105ms | Status 200,staging,api_gateway-0021,2026-06-04 06:42:19.475538,1
2181,envoy_proxy,Downstream service payment_service returned HTTP 503 | Retry budget exceeded,staging,api_gateway-0021,2026-06-04 06:44:19.475632,3
2182,vault_agent,Successfully processed request in 40ms | Status 200,production,payment_service-4401,2026-06-04 06:45:19.475321,1
2183,vault_agent,Successfully processed request in 140ms | Status 200,production,payment_service-4401,2026-06-04 06:45:19.475951,1
2184,vault_agent,Health check passed | Uptime: 236h | Memory stable,production,payment_service-4401,2026-06-04 06:45:19.476056,1
2185,api_gateway_container,Database connection pool utilization at 90% | Threshold: 80%,staging,api_gateway-0021,2026-06-04 06:46:19.475658,2
2186,api_gateway_container,Database connection pool utilization at 83% | Threshold: 80%,staging,api_gateway-0021,2026-06-04 06:46:19.475647,2
2187,api_gateway_container,Successfully processed request in 103ms | Status 200,production,api_gateway-3301,2026-06-04 06:47:19.475354,1
2188,payment_container,Database connection pool utilization at 79% | Threshold: 80%,staging,payment_service-0041,2026-06-04 06:49:19.476198,2
2189,payment_container,Response time degradation detected: avg 914ms over last 60s,staging,payment_service-0041,2026-06-04 06:49:19.475605,2
2190,payment_container,Health check passed | Uptime: 365h | Memory stable,staging,payment_service-0041,2026-06-04 06:49:19.476027,1
2191,payment_container,Successfully processed request in 104ms | Status 200,production,payment_service-4401,2026-06-04 06:50:19.476007,1
2192,payment_container,Downstream service payment_service returned HTTP 503 | Retry budget exceeded,production,payment_service-4401,2026-06-04 06:51:19.475406,3
2193,payment_container,Response time degradation detected: avg 1648ms over last 60s,production,payment_service-4401,2026-06-04 06:51:19.475617,2
2194,payment_container,Successfully processed request in 92ms | Status 200,production,payment_service-4401,2026-06-04 06:51:19.476092,1
2195,payment_container,Response time degradation detected: avg 3727ms over last 60s,production,payment_service-4401,2026-06-04 06:51:19.475880,2
2196,vault_agent,Downstream service payment_service returned HTTP 503 | Retry budget exceeded,production,payment_service-4401,2026-06-04 06:52:19.476046,3
2197,envoy_proxy,Health check passed | Uptime: 195h | Memory stable,production,api_gateway-3301,2026-06-04 06:53:19.475554,1
2198,envoy_proxy,Health check passed | Uptime: 564h | Memory stable,production,api_gateway-3301,2026-06-04 06:53:19.475424,1
2199,envoy_proxy,Successfully processed request in 33ms | Status 200,production,api_gateway-3301,2026-06-04 06:53:19.475711,1
2200,envoy_proxy,Health check passed | Uptime: 444h | Memory stable,production,api_gateway-3301,2026-06-04 06:53:19.475853,1
2201,api_gateway_container,Database connection pool utilization at 85% | Threshold: 80%,production,api_gateway-3301,2026-06-04 06:54:19.475667,2
2202,api_gateway_container,Health check passed | Uptime: 633h | Memory stable,production,api_gateway-3301,2026-06-04 06:54:19.476081,1
2203,api_gateway_container,Database connection timeout after 28324ms | Pool exhausted,production,api_gateway-3301,2026-06-04 06:54:19.475948,3
2204,api_gateway_container,Successfully processed request in 169ms | Status 200,production,api_gateway-3301,2026-06-04 06:54:19.475419,1
2205,vault_agent,Successfully processed request in 83ms | Status 200,staging,payment_service-0041,2026-06-04 06:55:19.475808,1
2206,vault_agent,Database connection timeout after 23141ms | Pool exhausted,staging,payment_service-0041,2026-06-04 06:55:19.475500,3
2207,vault_agent,Successfully processed request in 186ms | Status 200,staging,payment_service-0041,2026-06-04 06:55:19.475979,1
2208,api_gateway_container,Health check passed | Uptime: 535h | Memory stable,staging,api_gateway-0021,2026-06-04 06:56:19.475561,1
2209,api_gateway_container,Database connection timeout after 13407ms | Pool exhausted,staging,api_gateway-0021,2026-06-04 06:57:19.475678,3
2210,api_gateway_container,Downstream service payment_service returned HTTP 503 | Retry budget exceeded,staging,api_gateway-0021,2026-06-04 06:57:19.476014,3
2211,envoy_proxy,Database connection timeout after 28573ms | Pool exhausted,production,api_gateway-3301,2026-06-04 06:58:19.475783,3
2212,envoy_proxy,Database connection timeout after 13299ms | Pool exhausted,production,api_gateway-3301,2026-06-04 06:58:19.475498,3
2213,envoy_proxy,Database connection pool utilization at 82% | Threshold: 80%,production,api_gateway-3301,2026-06-04 06:58:19.476012,2
2214,envoy_proxy,Successfully processed request in 94ms | Status 200,production,api_gateway-3301,2026-06-04 06:58:19.475430,1
2215,envoy_proxy,Response time degradation detected: avg 3244ms over last 60s,production,api_gateway-3301,2026-06-04 06:58:19.476073,2
2216,envoy_proxy,Database connection pool utilization at 87% | Threshold: 80%,staging,api_gateway-0021,2026-06-04 07:00:19.475698,2
2217,envoy_proxy,Health check passed | Uptime: 442h | Memory stable,staging,api_gateway-0021,2026-06-04 07:00:19.475829,1
2218,envoy_proxy,Successfully processed request in 167ms | Status 200,staging,api_gateway-0021,2026-06-04 07:02:19.475668,1
2219,envoy_proxy,Health check passed | Uptime: 532h | Memory stable,staging,api_gateway-0021,2026-06-04 07:02:19.475896,1
2220,api_gateway_container,Successfully processed request in 19ms | Status 200,staging,api_gateway-0021,2026-06-04 07:03:19.475626,1
2221,envoy_proxy,Health check passed | Uptime: 691h | Memory stable,staging,api_gateway-0021,2026-06-04 07:05:19.475607,1
2222,envoy_proxy,Response time degradation detected: avg 968ms over last 60s,staging,api_gateway-0021,2026-06-04 07:05:19.475810,2
2223,envoy_proxy,Health check passed | Uptime: 388h | Memory stable,staging,api_gateway-0021,2026-06-04 07:05:19.476290,1
2224,envoy_proxy,Health check passed | Uptime: 40h | Memory stable,staging,api_gateway-0021,2026-06-04 07:06:19.475351,1
2225,envoy_proxy,Database connection pool utilization at 83% | Threshold: 80%,staging,api_gateway-0021,2026-06-04 07:06:19.475983,2
2226,envoy_proxy,Successfully processed request in 51ms | Status 200,staging,api_gateway-0021,2026-06-04 07:06:19.476052,1
2227,envoy_proxy,Health check passed | Uptime: 345h | Memory stable,staging,api_gateway-0021,2026-06-04 07:06:19.475703,1
2228,api_gateway_container,Successfully processed request in 188ms | Status 200,staging,api_gateway-0021,2026-06-04 07:07:19.476234,1
2229,api_gateway_container,Health check passed | Uptime: 198h | Memory stable,staging,api_gateway-0021,2026-06-04 07:07:19.475387,1
2230,api_gateway_container,Database connection pool utilization at 82% | Threshold: 80%,staging,api_gateway-0021,2026-06-04 07:07:19.476230,2
2231,payment_container,Downstream service payment_service returned HTTP 503 | Retry budget exceeded,staging,payment_service-0041,2026-06-04 07:09:19.475869,3
2232,payment_container,Successfully processed request in 61ms | Status 200,staging,payment_service-0041,2026-06-04 07:09:19.475919,1
2233,payment_container,Downstream service payment_service returned HTTP 503 | Retry budget exceeded,staging,payment_service-0041,2026-06-04 07:09:19.475720,3
2234,api_gateway_container,Health check passed | Uptime: 673h | Memory stable,staging,api_gateway-0021,2026-06-04 07:11:19.475833,1
2235,api_gateway_container,Successfully processed request in 117ms | Status 200,staging,api_gateway-0021,2026-06-04 07:11:19.475542,1
2236,api_gateway_container,Database connection pool utilization at 77% | Threshold: 80%,staging,api_gateway-0021,2026-06-04 07:11:19.475883,2
2237,api_gateway_container,Downstream service payment_service returned HTTP 503 | Retry budget exceeded,staging,api_gateway-0021,2026-06-04 07:11:19.475521,3
2238,api_gateway_container,Health check passed | Uptime: 633h | Memory stable,staging,api_gateway-0021,2026-06-04 07:11:19.475344,1
2239,vault_agent,Response time degradation detected: avg 1888ms over last 60s,production,payment_service-4401,2026-06-04 07:12:19.475513,2
2240,vault_agent,Downstream service payment_service returned HTTP 503 | Retry budget exceeded,production,payment_service-4401,2026-06-04 07:12:19.475354,3
2241,vault_agent,Health check passed | Uptime: 213h | Memory stable,staging,payment_service-0041,2026-06-04 07:14:19.475994,1
2242,vault_agent,Downstream service payment_service returned HTTP 503 | Retry budget exceeded,staging,payment_service-0041,2026-06-04 07:14:19.475333,3
2243,vault_agent,Response time degradation detected: avg 3510ms over last 60s,production,payment_service-4401,2026-06-04 07:15:19.476314,2
2244,vault_agent,Successfully processed request in 168ms | Status 200,production,payment_service-4401,2026-06-04 07:15:19.475934,1
2245,vault_agent,Successfully processed request in 86ms | Status 200,production,payment_service-4401,2026-06-04 07:15:19.475847,1
2246,payment_container,Successfully processed request in 12ms | Status 200,production,payment_service-4401,2026-06-04 07:16:19.475589,1
2247,payment_container,Successfully processed request in 85ms | Status 200,production,payment_service-4401,2026-06-04 07:16:19.476011,1
2248,payment_container,Successfully processed request in 21ms | Status 200,production,payment_service-4401,2026-06-04 07:16:19.475729,1
2249,payment_container,Database connection pool utilization at 79% | Threshold: 80%,production,payment_service-4401,2026-06-04 07:16:19.476269,2
2250,envoy_proxy,Downstream service payment_service returned HTTP 503 | Retry budget exceeded,production,api_gateway-3301,2026-06-04 07:17:19.475479,3
2251,envoy_proxy,Database connection pool utilization at 86% | Threshold: 80%,production,api_gateway-3301,2026-06-04 07:18:19.476036,2
2252,envoy_proxy,Downstream service payment_service returned HTTP 503 | Retry budget exceeded,production,api_gateway-3301,2026-06-04 07:18:19.475735,3
2253,envoy_proxy,Successfully processed request in 179ms | Status 200,production,api_gateway-3301,2026-06-04 07:18:19.475322,1
2254,envoy_proxy,Downstream service payment_service returned HTTP 503 | Retry budget exceeded,production,api_gateway-3301,2026-06-04 07:18:19.475525,3
2255,payment_container,Successfully processed request in 68ms | Status 200,production,payment_service-4401,2026-06-04 07:19:19.476103,1
2256,payment_container,Database connection pool utilization at 85% | Threshold: 80%,production,payment_service-4401,2026-06-04 07:19:19.475334,2
2257,payment_container,Health check passed | Uptime: 439h | Memory stable,production,payment_service-4401,2026-06-04 07:19:19.475538,1
2258,api_gateway_container,Database connection timeout after 6744ms | Pool exhausted,production,api_gateway-3301,2026-06-04 07:20:19.475669,3
2259,api_gateway_container,Response time degradation detected: avg 823ms over last 60s,production,api_gateway-3301,2026-06-04 07:20:19.476307,2
2260,api_gateway_container,Health check passed | Uptime: 66h | Memory stable,production,api_gateway-3301,2026-06-04 07:20:19.476216,1
2261,api_gateway_container,Downstream service payment_service returned HTTP 503 | Retry budget exceeded,staging,api_gateway-0021,2026-06-04 07:21:19.476213,3
2262,api_gateway_container,Successfully processed request in 136ms | Status 200,staging,api_gateway-0021,2026-06-04 07:21:19.476260,1
2263,api_gateway_container,Downstream service payment_service returned HTTP 503 | Retry budget exceeded,staging,api_gateway-0021,2026-06-04 07:21:19.476237,3
2264,vault_agent,Successfully processed request in 16ms | Status 200,staging,payment_service-0041,2026-06-04 07:23:19.475625,1
2265,vault_agent,Successfully processed request in 19ms | Status 200,staging,payment_service-0041,2026-06-04 07:23:19.475908,1
2266,vault_agent,Database connection timeout after 27938ms | Pool exhausted,staging,payment_service-0041,2026-06-04 07:23:19.475912,3
2267,vault_agent,Response time degradation detected: avg 4512ms over last 60s,staging,payment_service-0041,2026-06-04 07:23:19.475927,2
2268,vault_agent,Health check passed | Uptime: 615h | Memory stable,staging,payment_service-0041,2026-06-04 07:23:19.475343,1
2269,api_gateway_container,Database connection timeout after 14003ms | Pool exhausted,staging,api_gateway-0021,2026-06-04 07:24:19.476061,3
2270,api_gateway_container,Health check passed | Uptime: 405h | Memory stable,staging,api_gateway-0021,2026-06-04 07:24:19.475347,1
2271,api_gateway_container,Successfully processed request in 154ms | Status 200,staging,api_gateway-0021,2026-06-04 07:24:19.475657,1
2272,api_gateway_container,Health check passed | Uptime: 538h | Memory stable,staging,api_gateway-0021,2026-06-04 07:24:19.476268,1
2273,api_gateway_container,Database connection pool utilization at 85% | Threshold: 80%,staging,api_gateway-0021,2026-06-04 07:24:19.475931,2
2274,payment_container,Health check passed | Uptime: 365h | Memory stable,staging,payment_service-0041,2026-06-04 07:25:19.475840,1
2275,vault_agent,Successfully processed request in 67ms | Status 200,staging,payment_service-0041,2026-06-01 15:02:03.112189,1
2276,vault_agent,Health check passed | Uptime: 501h | Memory stable,staging,payment_service-0041,2026-06-01 15:02:03.111800,1
2277,vault_agent,Database connection timeout after 20205ms | Pool exhausted,staging,payment_service-0041,2026-06-01 15:02:03.112037,3
2278,vault_agent,Health check passed | Uptime: 713h | Memory stable,staging,payment_service-0041,2026-06-01 15:02:03.112047,1
2279,payment_container,Database connection timeout after 20167ms | Pool exhausted,production,payment_service-4401,2026-05-25 15:37:42.111607,3
2280,api_gateway_container,Health check passed | Uptime: 467h | Memory stable,production,api_gateway-3301,2026-07-03 23:06:22.111843,1
2281,api_gateway_container,Response time degradation detected: avg 1677ms over last 60s,production,api_gateway-3301,2026-07-03 23:06:22.111783,2
2282,api_gateway_container,Database connection pool utilization at 93% | Threshold: 80%,production,api_gateway-3301,2026-07-03 23:06:22.111834,2
2283,api_gateway_container,Health check passed | Uptime: 103h | Memory stable,production,api_gateway-3301,2026-07-03 23:06:22.111970,1
2284,api_gateway_container,Health check passed | Uptime: 422h | Memory stable,production,api_gateway-3301,2026-07-03 23:06:22.111929,1
2285,vault_agent,Response time degradation detected: avg 2370ms over last 60s,staging,payment_service-0041,2026-06-15 03:35:32.111637,2
2286,vault_agent,Successfully processed request in 115ms | Status 200,staging,payment_service-0041,2026-06-15 03:35:32.111524,1
2287,vault_agent,Successfully processed request in 128ms | Status 200,staging,payment_service-0041,2026-06-15 03:35:32.112283,1
2288,api_gateway_container,Successfully processed request in 85ms | Status 200,production,api_gateway-3301,2026-06-01 08:08:33.111757,1
2289,api_gateway_container,Response time degradation detected: avg 945ms over last 60s,production,api_gateway-3301,2026-06-01 08:08:33.111590,2
2290,vault_agent,Health check passed | Uptime: 30h | Memory stable,production,payment_service-4401,2026-06-15 14:22:43.112196,1
2291,vault_agent,Database connection timeout after 25086ms | Pool exhausted,production,payment_service-4401,2026-06-15 14:22:43.111596,3
2292,vault_agent,Successfully processed request in 49ms | Status 200,production,payment_service-4401,2026-06-15 14:22:43.111950,1
2293,envoy_proxy,Health check passed | Uptime: 289h | Memory stable,production,api_gateway-3301,2026-05-10 23:17:15.111613,1
2294,envoy_proxy,Successfully processed request in 52ms | Status 200,production,api_gateway-3301,2026-05-10 23:17:15.112420,1
2295,envoy_proxy,Successfully processed request in 80ms | Status 200,production,api_gateway-3301,2026-05-10 23:17:15.111896,1
2296,envoy_proxy,Successfully processed request in 181ms | Status 200,production,api_gateway-3301,2026-05-10 23:17:15.112051,1
2297,envoy_proxy,Successfully processed request in 152ms | Status 200,production,api_gateway-3301,2026-05-21 19:55:36.112201,1
2298,envoy_proxy,Database connection timeout after 5811ms | Pool exhausted,production,api_gateway-3301,2026-05-21 19:55:36.111979,3
2299,envoy_proxy,Database connection pool utilization at 83% | Threshold: 80%,production,api_gateway-3301,2026-05-21 19:55:36.111846,2
2300,envoy_proxy,Response time degradation detected: avg 1221ms over last 60s,production,api_gateway-3301,2026-05-21 19:55:36.112059,2
2301,api_gateway_container,Health check passed | Uptime: 283h | Memory stable,production,api_gateway-3301,2026-06-11 23:38:22.112315,1
2302,api_gateway_container,Successfully processed request in 190ms | Status 200,production,api_gateway-3301,2026-06-11 23:38:22.111726,1
2303,api_gateway_container,Response time degradation detected: avg 2707ms over last 60s,production,api_gateway-3301,2026-06-11 23:38:22.111761,2
2304,api_gateway_container,Health check passed | Uptime: 623h | Memory stable,production,api_gateway-3301,2026-06-11 23:38:22.112376,1
2305,api_gateway_container,Successfully processed request in 173ms | Status 200,production,api_gateway-3301,2026-06-11 23:38:22.112337,1
2306,envoy_proxy,Downstream service payment_service returned HTTP 503 | Retry budget exceeded,staging,api_gateway-0021,2026-06-11 07:44:15.112371,3
2307,vault_agent,Downstream service payment_service returned HTTP 503 | Retry budget exceeded,production,payment_service-4401,2026-06-22 09:14:09.111869,3
2308,vault_agent,Response time degradation detected: avg 2742ms over last 60s,production,payment_service-4401,2026-06-22 09:14:09.111905,2
2309,vault_agent,Successfully processed request in 197ms | Status 200,production,payment_service-4401,2026-06-22 09:14:09.111434,1
2310,vault_agent,Successfully processed request in 104ms | Status 200,production,payment_service-4401,2026-06-22 09:14:09.112167,1
2311,vault_agent,Response time degradation detected: avg 1334ms over last 60s,production,payment_service-4401,2026-06-22 09:14:09.111693,2
2312,payment_container,Successfully processed request in 54ms | Status 200,production,payment_service-4401,2026-06-15 22:45:07.111700,1
2313,payment_container,Response time degradation detected: avg 1361ms over last 60s,production,payment_service-4401,2026-06-15 22:45:07.111993,2
2314,payment_container,Health check passed | Uptime: 681h | Memory stable,production,payment_service-4401,2026-06-15 22:45:07.111923,1
2315,payment_container,Successfully processed request in 64ms | Status 200,production,payment_service-4401,2026-06-15 22:45:07.111957,1
2316,api_gateway_container,Successfully processed request in 118ms | Status 200,production,api_gateway-3301,2026-05-11 01:54:59.111469,1
2317,api_gateway_container,Health check passed | Uptime: 42h | Memory stable,production,api_gateway-3301,2026-05-11 01:54:59.111558,1
2318,api_gateway_container,Successfully processed request in 118ms | Status 200,production,api_gateway-3301,2026-05-11 01:54:59.111891,1
2319,api_gateway_container,Downstream service payment_service returned HTTP 503 | Retry budget exceeded,production,api_gateway-3301,2026-05-11 01:54:59.111704,3
2320,api_gateway_container,Database connection timeout after 11013ms | Pool exhausted,staging,api_gateway-0021,2026-06-21 12:11:52.111962,3
2321,api_gateway_container,Downstream service payment_service returned HTTP 503 | Retry budget exceeded,staging,api_gateway-0021,2026-06-21 12:11:52.111461,3
2322,api_gateway_container,Downstream service payment_service returned HTTP 503 | Retry budget exceeded,staging,api_gateway-0021,2026-06-21 12:11:52.111978,3
2323,api_gateway_container,Health check passed | Uptime: 255h | Memory stable,staging,api_gateway-0021,2026-06-21 12:11:52.111529,1
2324,envoy_proxy,Database connection pool utilization at 91% | Threshold: 80%,production,api_gateway-3301,2026-07-04 13:22:11.111523,2
2325,envoy_proxy,Database connection timeout after 7743ms | Pool exhausted,production,api_gateway-3301,2026-07-04 13:22:11.112217,3
2326,envoy_proxy,Health check passed | Uptime: 96h | Memory stable,production,api_gateway-3301,2026-07-04 13:22:11.111535,1
2327,envoy_proxy,Database connection pool utilization at 88% | Threshold: 80%,production,api_gateway-3301,2026-07-04 13:22:11.111785,2
2328,api_gateway_container,Successfully processed request in 120ms | Status 200,production,api_gateway-3301,2026-05-18 14:04:59.112292,1
2329,api_gateway_container,Health check passed | Uptime: 314h | Memory stable,production,api_gateway-3301,2026-05-18 14:04:59.112184,1
2330,api_gateway_container,Database connection timeout after 15519ms | Pool exhausted,production,api_gateway-3301,2026-05-18 14:04:59.111991,3
2331,api_gateway_container,Database connection pool utilization at 84% | Threshold: 80%,production,api_gateway-3301,2026-05-18 14:04:59.111653,2
2332,payment_container,Response time degradation detected: avg 1603ms over last 60s,staging,payment_service-0041,2026-06-28 22:48:05.112283,2
2333,api_gateway_container,Health check passed | Uptime: 199h | Memory stable,staging,api_gateway-0021,2026-06-13 10:04:59.112141,1
2334,api_gateway_container,Health check passed | Uptime: 590h | Memory stable,staging,api_gateway-0021,2026-06-13 10:04:59.112289,1
2335,vault_agent,Successfully processed request in 122ms | Status 200,staging,payment_service-0041,2026-05-06 17:53:09.112029,1
2336,vault_agent,Downstream service payment_service returned HTTP 503 | Retry budget exceeded,staging,payment_service-0041,2026-05-06 17:53:09.112284,3
2337,api_gateway_container,Successfully processed request in 192ms | Status 200,staging,api_gateway-0021,2026-05-23 18:37:41.111630,1
2338,api_gateway_container,Health check passed | Uptime: 226h | Memory stable,staging,api_gateway-0021,2026-05-23 18:37:41.112192,1
2339,envoy_proxy,Response time degradation detected: avg 897ms over last 60s,staging,api_gateway-0021,2026-06-10 09:13:43.111747,2
2340,envoy_proxy,Database connection timeout after 22897ms | Pool exhausted,staging,api_gateway-0021,2026-06-10 09:13:43.111492,3
2341,envoy_proxy,Database connection pool utilization at 89% | Threshold: 80%,staging,api_gateway-0021,2026-06-10 09:13:43.112223,2
2342,envoy_proxy,Successfully processed request in 116ms | Status 200,staging,api_gateway-0021,2026-06-10 09:13:43.112174,1
2343,envoy_proxy,Database connection timeout after 20526ms | Pool exhausted,staging,api_gateway-0021,2026-06-10 09:13:43.112265,3
2344,vault_agent,Response time degradation detected: avg 3096ms over last 60s,staging,payment_service-0041,2026-06-27 06:24:44.111785,2
2345,vault_agent,Database connection timeout after 8606ms | Pool exhausted,staging,payment_service-0041,2026-06-27 06:24:44.111771,3
2346,vault_agent,Downstream service payment_service returned HTTP 503 | Retry budget exceeded,staging,payment_service-0041,2026-06-27 06:24:44.112427,3
2347,vault_agent,Response time degradation detected: avg 4695ms over last 60s,staging,payment_service-0041,2026-06-27 20:27:57.112235,2
2348,vault_agent,Database connection timeout after 5466ms | Pool exhausted,staging,payment_service-0041,2026-06-27 20:27:57.111807,3
2349,vault_agent,Health check passed | Uptime: 109h | Memory stable,staging,payment_service-0041,2026-06-27 20:27:57.111550,1
2350,vault_agent,Downstream service payment_service returned HTTP 503 | Retry budget exceeded,staging,payment_service-0041,2026-06-27 20:27:57.112162,3
2351,vault_agent,Database connection pool utilization at 90% | Threshold: 80%,staging,payment_service-0041,2026-06-27 20:27:57.111894,2
2352,payment_container,Response time degradation detected: avg 1387ms over last 60s,staging,payment_service-0041,2026-06-18 04:21:48.111816,2
2353,payment_container,Health check passed | Uptime: 538h | Memory stable,staging,payment_service-0041,2026-06-18 04:21:48.112401,1
2354,payment_container,Database connection pool utilization at 87% | Threshold: 80%,staging,payment_service-0041,2026-06-18 04:21:48.111439,2
2355,envoy_proxy,Database connection timeout after 15975ms | Pool exhausted,staging,api_gateway-0021,2026-05-23 17:47:03.111689,3
2356,envoy_proxy,Successfully processed request in 74ms | Status 200,staging,api_gateway-0021,2026-05-23 17:47:03.112253,1
2357,envoy_proxy,Database connection pool utilization at 85% | Threshold: 80%,staging,api_gateway-0021,2026-05-23 17:47:03.111634,2
2358,envoy_proxy,Downstream service payment_service returned HTTP 503 | Retry budget exceeded,staging,api_gateway-0021,2026-05-23 17:47:03.111528,3
2359,api_gateway_container,Database connection pool utilization at 82% | Threshold: 80%,production,api_gateway-3301,2026-05-12 17:05:24.111466,2
2360,api_gateway_container,Health check passed | Uptime: 303h | Memory stable,production,api_gateway-3301,2026-05-12 17:05:24.111627,1
2361,api_gateway_container,Downstream service payment_service returned HTTP 503 | Retry budget exceeded,production,api_gateway-3301,2026-05-12 17:05:24.112417,3
2362,api_gateway_container,Health check passed | Uptime: 84h | Memory stable,production,api_gateway-3301,2026-05-12 17:05:24.111510,1
2363,vault_agent,Successfully processed request in 101ms | Status 200,production,payment_service-4401,2026-05-22 20:51:18.111711,1
2364,vault_agent,Health check passed | Uptime: 570h | Memory stable,production,payment_service-4401,2026-05-22 20:51:18.112080,1
2365,vault_agent,Downstream service payment_service returned HTTP 503 | Retry budget exceeded,production,payment_service-4401,2026-05-22 20:51:18.111893,3
2366,vault_agent,Database connection pool utilization at 90% | Threshold: 80%,production,payment_service-4401,2026-05-22 20:51:18.111821,2
2367,envoy_proxy,Database connection timeout after 25662ms | Pool exhausted,production,api_gateway-3301,2026-05-07 18:29:38.111837,3
2368,envoy_proxy,Response time degradation detected: avg 1258ms over last 60s,production,api_gateway-3301,2026-05-07 18:29:38.112215,2
2369,envoy_proxy,Downstream service payment_service returned HTTP 503 | Retry budget exceeded,production,api_gateway-3301,2026-05-07 17:05:34.111906,3
2370,envoy_proxy,Successfully processed request in 111ms | Status 200,production,api_gateway-3301,2026-05-07 17:05:34.112068,1
2371,envoy_proxy,Successfully processed request in 79ms | Status 200,production,api_gateway-3301,2026-05-07 17:05:34.111556,1
2372,envoy_proxy,Database connection pool utilization at 94% | Threshold: 80%,production,api_gateway-3301,2026-05-07 17:05:34.112128,2
2373,payment_container,Database connection timeout after 27568ms | Pool exhausted,staging,payment_service-0041,2026-05-11 04:41:54.112293,3
2374,envoy_proxy,Database connection pool utilization at 79% | Threshold: 80%,production,api_gateway-3301,2026-05-16 04:23:36.112217,2
2375,envoy_proxy,Downstream service payment_service returned HTTP 503 | Retry budget exceeded,production,api_gateway-3301,2026-05-16 04:23:36.112091,3
2376,envoy_proxy,Successfully processed request in 132ms | Status 200,production,api_gateway-3301,2026-05-16 04:23:36.112409,1
2377,envoy_proxy,Database connection timeout after 3232ms | Pool exhausted,production,api_gateway-3301,2026-05-16 04:23:36.112059,3
2378,envoy_proxy,Database connection timeout after 15973ms | Pool exhausted,production,api_gateway-3301,2026-05-16 04:23:36.111685,3
2379,vault_agent,Database connection pool utilization at 80% | Threshold: 80%,production,payment_service-4401,2026-06-18 01:02:36.112155,2
2380,vault_agent,Health check passed | Uptime: 280h | Memory stable,production,payment_service-4401,2026-05-28 11:47:19.112092,1
2381,vault_agent,Health check passed | Uptime: 668h | Memory stable,production,payment_service-4401,2026-05-28 11:47:19.112246,1
2382,vault_agent,Database connection timeout after 14568ms | Pool exhausted,production,payment_service-4401,2026-05-28 11:47:19.112162,3
2383,vault_agent,Response time degradation detected: avg 3669ms over last 60s,production,payment_service-4401,2026-05-28 11:47:19.111688,2
2384,vault_agent,Database connection timeout after 18551ms | Pool exhausted,production,payment_service-4401,2026-05-28 11:47:19.111626,3
2385,payment_container,Successfully processed request in 146ms | Status 200,staging,payment_service-0041,2026-05-13 05:12:14.111489,1
2386,payment_container,Database connection pool utilization at 88% | Threshold: 80%,staging,payment_service-0041,2026-05-13 05:12:14.112295,2
2387,api_gateway_container,Database connection pool utilization at 87% | Threshold: 80%,staging,api_gateway-0021,2026-05-29 09:51:26.111855,2
2388,envoy_proxy,Database connection pool utilization at 83% | Threshold: 80%,production,api_gateway-3301,2026-06-10 23:16:39.111816,2
2389,envoy_proxy,Database connection timeout after 19253ms | Pool exhausted,production,api_gateway-3301,2026-06-10 23:16:39.111728,3
2390,vault_agent,Successfully processed request in 134ms | Status 200,production,payment_service-4401,2026-07-01 19:32:26.111506,1
2391,vault_agent,Successfully processed request in 153ms | Status 200,production,payment_service-4401,2026-05-29 22:08:12.112020,1
2392,vault_agent,Database connection pool utilization at 92% | Threshold: 80%,production,payment_service-4401,2026-05-29 22:08:12.111916,2
2393,vault_agent,Successfully processed request in 142ms | Status 200,staging,payment_service-0041,2026-06-26 13:46:29.111488,1
2394,vault_agent,Successfully processed request in 125ms | Status 200,staging,payment_service-0041,2026-06-26 13:46:29.111884,1
2395,api_gateway_container,Successfully processed request in 133ms | Status 200,production,api_gateway-3301,2026-06-01 20:05:29.111725,1
2396,vault_agent,Health check passed | Uptime: 118h | Memory stable,staging,payment_service-0041,2026-07-01 03:10:51.112034,1
2397,vault_agent,Health check passed | Uptime: 314h | Memory stable,staging,payment_service-0041,2026-07-01 03:10:51.111980,1
2398,vault_agent,Database connection pool utilization at 76% | Threshold: 80%,staging,payment_service-0041,2026-07-01 03:10:51.111530,2
2399,vault_agent,Database connection pool utilization at 79% | Threshold: 80%,staging,payment_service-0041,2026-05-25 14:04:06.111655,2
2400,vault_agent,Database connection timeout after 12364ms | Pool exhausted,staging,payment_service-0041,2026-05-25 14:04:06.111726,3
2401,vault_agent,Health check passed | Uptime: 188h | Memory stable,staging,payment_service-0041,2026-05-25 14:04:06.111775,1
2402,vault_agent,Successfully processed request in 20ms | Status 200,staging,payment_service-0041,2026-05-25 14:04:06.111761,1
2403,envoy_proxy,Database connection pool utilization at 88% | Threshold: 80%,production,api_gateway-3301,2026-05-06 14:56:50.112148,2
2404,vault_agent,Database connection timeout after 22198ms | Pool exhausted,production,payment_service-4401,2026-06-29 07:39:01.111452,3
2405,vault_agent,Health check passed | Uptime: 616h | Memory stable,production,payment_service-4401,2026-06-29 07:39:01.111772,1
2406,vault_agent,Response time degradation detected: avg 890ms over last 60s,production,payment_service-4401,2026-06-29 07:39:01.111490,2
2407,vault_agent,Downstream service payment_service returned HTTP 503 | Retry budget exceeded,production,payment_service-4401,2026-06-29 07:39:01.111648,3
2408,vault_agent,Health check passed | Uptime: 114h | Memory stable,production,payment_service-4401,2026-05-09 17:42:39.111656,1
2409,vault_agent,Successfully processed request in 143ms | Status 200,production,payment_service-4401,2026-05-09 17:42:39.112186,1
2410,vault_agent,Successfully processed request in 190ms | Status 200,production,payment_service-4401,2026-05-09 17:42:39.112382,1
2411,vault_agent,Successfully processed request in 174ms | Status 200,production,payment_service-4401,2026-05-09 17:42:39.112408,1
2412,api_gateway_container,Database connection pool utilization at 92% | Threshold: 80%,staging,api_gateway-0021,2026-07-02 05:50:06.111837,2
2413,api_gateway_container,Database connection pool utilization at 91% | Threshold: 80%,staging,api_gateway-0021,2026-07-02 05:50:06.111866,2
2414,vault_agent,Response time degradation detected: avg 4962ms over last 60s,staging,payment_service-0041,2026-05-24 00:51:00.112148,2
2415,vault_agent,Response time degradation detected: avg 4155ms over last 60s,staging,payment_service-0041,2026-05-24 00:51:00.111956,2
2416,vault_agent,Response time degradation detected: avg 986ms over last 60s,staging,payment_service-0041,2026-05-24 00:51:00.112102,2
2417,vault_agent,Response time degradation detected: avg 1956ms over last 60s,staging,payment_service-0041,2026-05-24 00:51:00.112299,2
2418,vault_agent,Database connection pool utilization at 86% | Threshold: 80%,staging,payment_service-0041,2026-05-24 00:51:00.111742,2
2419,api_gateway_container,Successfully processed request in 107ms | Status 200,production,api_gateway-3301,2026-07-03 09:04:49.111432,1
2420,vault_agent,Database connection pool utilization at 77% | Threshold: 80%,staging,payment_service-0041,2026-05-29 01:25:53.111608,2
2421,vault_agent,Database connection timeout after 10409ms | Pool exhausted,staging,payment_service-0041,2026-05-29 01:25:53.111732,3
2422,vault_agent,Health check passed | Uptime: 217h | Memory stable,staging,payment_service-0041,2026-05-29 01:25:53.111495,1
2423,payment_container,Successfully processed request in 131ms | Status 200,staging,payment_service-0041,2026-05-16 11:24:57.111673,1
2424,vault_agent,Database connection timeout after 19981ms | Pool exhausted,production,payment_service-4401,2026-05-25 12:37:47.112039,3
2425,vault_agent,Health check passed | Uptime: 482h | Memory stable,production,payment_service-4401,2026-05-25 12:37:47.112175,1
2426,vault_agent,Database connection pool utilization at 78% | Threshold: 80%,production,payment_service-4401,2026-05-25 12:37:47.111730,2
2427,vault_agent,Successfully processed request in 52ms | Status 200,production,payment_service-4401,2026-05-25 12:37:47.111832,1
2428,vault_agent,Database connection pool utilization at 78% | Threshold: 80%,staging,payment_service-0041,2026-05-07 08:24:45.112021,2
2429,vault_agent,Response time degradation detected: avg 4729ms over last 60s,staging,payment_service-0041,2026-05-07 08:24:45.112113,2
2430,vault_agent,Successfully processed request in 96ms | Status 200,staging,payment_service-0041,2026-05-07 08:24:45.111646,1
2431,vault_agent,Successfully processed request in 106ms | Status 200,staging,payment_service-0041,2026-05-07 08:24:45.112154,1
2432,api_gateway_container,Database connection pool utilization at 78% | Threshold: 80%,staging,api_gateway-0021,2026-06-15 16:16:53.112394,2
2433,api_gateway_container,Successfully processed request in 38ms | Status 200,staging,api_gateway-0021,2026-06-15 16:16:53.111449,1
2434,api_gateway_container,Response time degradation detected: avg 559ms over last 60s,staging,api_gateway-0021,2026-06-15 16:16:53.111692,2
2435,api_gateway_container,Health check passed | Uptime: 160h | Memory stable,staging,api_gateway-0021,2026-06-15 16:16:53.111594,1
2436,api_gateway_container,Database connection timeout after 12326ms | Pool exhausted,production,api_gateway-3301,2026-06-11 09:49:29.112209,3
2437,api_gateway_container,Successfully processed request in 53ms | Status 200,production,api_gateway-3301,2026-06-11 09:49:29.111528,1
2438,api_gateway_container,Health check passed | Uptime: 323h | Memory stable,production,api_gateway-3301,2026-06-11 09:49:29.112268,1
2439,payment_container,Downstream service payment_service returned HTTP 503 | Retry budget exceeded,production,payment_service-4401,2026-06-10 19:22:38.112228,3
2440,payment_container,Downstream service payment_service returned HTTP 503 | Retry budget exceeded,production,payment_service-4401,2026-06-10 19:22:38.112188,3
2441,payment_container,Response time degradation detected: avg 848ms over last 60s,production,payment_service-4401,2026-06-10 19:22:38.111452,2
2442,payment_container,Database connection timeout after 16919ms | Pool exhausted,production,payment_service-4401,2026-06-10 19:22:38.111795,3
2443,payment_container,Health check passed | Uptime: 614h | Memory stable,production,payment_service-4401,2026-06-10 19:22:38.111862,1
2444,payment_container,Database connection pool utilization at 80% | Threshold: 80%,production,payment_service-4401,2026-05-29 10:28:37.111667,2
2445,payment_container,Successfully processed request in 86ms | Status 200,production,payment_service-4401,2026-05-29 10:28:37.111733,1
2446,payment_container,Health check passed | Uptime: 696h | Memory stable,production,payment_service-4401,2026-05-29 10:28:37.111951,1
2447,payment_container,Database connection timeout after 23752ms | Pool exhausted,production,payment_service-4401,2026-05-29 10:28:37.111916,3
2448,payment_container,Successfully processed request in 138ms | Status 200,production,payment_service-4401,2026-05-29 10:28:37.112336,1
2449,vault_agent,Health check passed | Uptime: 12h | Memory stable,production,payment_service-4401,2026-07-02 04:04:45.111959,1
2450,vault_agent,Successfully processed request in 18ms | Status 200,production,payment_service-4401,2026-07-02 04:04:45.112165,1
2451,vault_agent,Database connection timeout after 12001ms | Pool exhausted,staging,payment_service-0041,2026-06-19 08:58:05.111737,3
2452,vault_agent,Health check passed | Uptime: 633h | Memory stable,staging,payment_service-0041,2026-06-19 08:58:05.111460,1
2453,vault_agent,Successfully processed request in 116ms | Status 200,staging,payment_service-0041,2026-06-19 08:58:05.111838,1
2454,vault_agent,Database connection pool utilization at 80% | Threshold: 80%,staging,payment_service-0041,2026-06-19 08:58:05.111900,2
2455,api_gateway_container,Database connection pool utilization at 87% | Threshold: 80%,staging,api_gateway-0021,2026-06-17 09:41:36.111756,2
2456,api_gateway_container,Database connection pool utilization at 77% | Threshold: 80%,staging,api_gateway-0021,2026-06-17 09:41:36.111809,2
2457,api_gateway_container,Database connection timeout after 16884ms | Pool exhausted,staging,api_gateway-0021,2026-06-17 09:41:36.111432,3
2458,payment_container,Successfully processed request in 110ms | Status 200,production,payment_service-4401,2026-07-03 19:25:23.111517,1
2459,vault_agent,Downstream service payment_service returned HTTP 503 | Retry budget exceeded,staging,payment_service-0041,2026-06-30 20:05:17.111461,3
2460,payment_container,Response time degradation detected: avg 4924ms over last 60s,production,payment_service-4401,2026-06-27 11:32:20.112110,2
2461,payment_container,Downstream service payment_service returned HTTP 503 | Retry budget exceeded,production,payment_service-4401,2026-06-27 11:32:20.112017,3
2462,payment_container,Successfully processed request in 87ms | Status 200,production,payment_service-4401,2026-06-27 11:32:20.111574,1
2463,payment_container,Health check passed | Uptime: 464h | Memory stable,staging,payment_service-0041,2026-05-25 17:05:06.112139,1
2464,payment_container,Health check passed | Uptime: 499h | Memory stable,staging,payment_service-0041,2026-05-25 17:05:06.111676,1
2465,payment_container,Successfully processed request in 71ms | Status 200,staging,payment_service-0041,2026-05-25 17:05:06.111729,1
2466,payment_container,Downstream service payment_service returned HTTP 503 | Retry budget exceeded,staging,payment_service-0041,2026-05-25 17:05:06.111746,3
2467,payment_container,Health check passed | Uptime: 6h | Memory stable,staging,payment_service-0041,2026-05-25 17:05:06.111684,1
2468,payment_container,Downstream service payment_service returned HTTP 503 | Retry budget exceeded,staging,payment_service-0041,2026-06-01 15:06:12.111633,3
2469,payment_container,Database connection timeout after 14423ms | Pool exhausted,staging,payment_service-0041,2026-06-01 15:06:12.111730,3
2470,payment_container,Health check passed | Uptime: 565h | Memory stable,staging,payment_service-0041,2026-06-01 15:06:12.111674,1
2471,payment_container,Successfully processed request in 23ms | Status 200,staging,payment_service-0041,2026-06-01 15:06:12.112224,1
2472,envoy_proxy,Response time degradation detected: avg 4756ms over last 60s,staging,api_gateway-0021,2026-06-06 05:39:12.111646,2
2473,envoy_proxy,Health check passed | Uptime: 297h | Memory stable,staging,api_gateway-0021,2026-06-06 05:39:12.111981,1
2474,envoy_proxy,Downstream service payment_service returned HTTP 503 | Retry budget exceeded,staging,api_gateway-0021,2026-06-06 05:39:12.111911,3
2475,envoy_proxy,Database connection pool utilization at 82% | Threshold: 80%,staging,api_gateway-0021,2026-06-06 05:39:12.111797,2
2476,envoy_proxy,Health check passed | Uptime: 536h | Memory stable,staging,api_gateway-0021,2026-06-06 05:39:12.112343,1
2477,vault_agent,Successfully processed request in 74ms | Status 200,staging,payment_service-0041,2026-05-19 13:52:17.112223,1
2478,vault_agent,Successfully processed request in 37ms | Status 200,staging,payment_service-0041,2026-05-19 13:52:17.111735,1
2479,vault_agent,Health check passed | Uptime: 611h | Memory stable,staging,payment_service-0041,2026-05-19 13:52:17.112350,1
2480,payment_container,Health check passed | Uptime: 326h | Memory stable,production,payment_service-4401,2026-05-15 11:26:15.111496,1
2481,payment_container,Database connection timeout after 29597ms | Pool exhausted,production,payment_service-4401,2026-05-15 11:26:15.111705,3
2482,payment_container,Health check passed | Uptime: 628h | Memory stable,staging,payment_service-0041,2026-07-01 19:18:55.111945,1
2483,payment_container,Database connection pool utilization at 80% | Threshold: 80%,staging,payment_service-0041,2026-07-01 19:18:55.112264,2
2484,payment_container,Database connection pool utilization at 89% | Threshold: 80%,staging,payment_service-0041,2026-07-01 19:18:55.112423,2
2485,payment_container,Health check passed | Uptime: 710h | Memory stable,staging,payment_service-0041,2026-07-01 19:18:55.112423,1
2486,payment_container,Downstream service payment_service returned HTTP 503 | Retry budget exceeded,production,payment_service-4401,2026-06-06 13:58:26.112061,3
2487,payment_container,Response time degradation detected: avg 3109ms over last 60s,production,payment_service-4401,2026-06-06 13:58:26.111436,2
2488,payment_container,Health check passed | Uptime: 475h | Memory stable,production,payment_service-4401,2026-06-06 13:58:26.111591,1
2489,envoy_proxy,Health check passed | Uptime: 99h | Memory stable,production,api_gateway-3301,2026-07-03 16:51:52.112419,1
2490,envoy_proxy,Successfully processed request in 132ms | Status 200,production,api_gateway-3301,2026-07-03 16:51:52.112036,1
2491,envoy_proxy,Downstream service payment_service returned HTTP 503 | Retry budget exceeded,staging,api_gateway-0021,2026-06-11 20:23:07.112324,3
2492,envoy_proxy,Database connection timeout after 8023ms | Pool exhausted,staging,api_gateway-0021,2026-06-11 20:23:07.112213,3
2493,envoy_proxy,Database connection timeout after 15773ms | Pool exhausted,staging,api_gateway-0021,2026-06-12 03:56:34.111799,3
2494,envoy_proxy,Database connection timeout after 19274ms | Pool exhausted,staging,api_gateway-0021,2026-06-16 13:25:06.112043,3
2495,envoy_proxy,Successfully processed request in 14ms | Status 200,staging,api_gateway-0021,2026-06-16 13:25:06.111702,1
2496,envoy_proxy,Downstream service payment_service returned HTTP 503 | Retry budget exceeded,staging,api_gateway-0021,2026-06-16 13:25:06.111573,3
2497,envoy_proxy,Health check passed | Uptime: 61h | Memory stable,staging,api_gateway-0021,2026-06-16 13:25:06.111985,1
2498,envoy_proxy,Response time degradation detected: avg 941ms over last 60s,staging,api_gateway-0021,2026-06-16 13:25:06.111834,2
2499,api_gateway_container,Health check passed | Uptime: 466h | Memory stable,production,api_gateway-3301,2026-05-12 01:18:37.112189,1
2500,api_gateway_container,Database connection timeout after 18724ms | Pool exhausted,production,api_gateway-3301,2026-05-12 01:18:37.112327,3
2501,api_gateway_container,Downstream service payment_service returned HTTP 503 | Retry budget exceeded,production,api_gateway-3301,2026-05-12 01:18:37.111585,3
2502,api_gateway_container,Database connection timeout after 26366ms | Pool exhausted,production,api_gateway-3301,2026-05-12 01:18:37.111489,3
2503,vault_agent,Database connection timeout after 8298ms | Pool exhausted,production,payment_service-4401,2026-06-18 17:50:08.111838,3
2504,vault_agent,Successfully processed request in 138ms | Status 200,production,payment_service-4401,2026-06-18 17:50:08.112420,1
2505,vault_agent,Successfully processed request in 193ms | Status 200,production,payment_service-4401,2026-06-18 17:50:08.111832,1
2506,vault_agent,Database connection timeout after 19864ms | Pool exhausted,production,payment_service-4401,2026-06-18 17:50:08.111825,3
2507,vault_agent,Successfully processed request in 86ms | Status 200,production,payment_service-4401,2026-06-18 17:50:08.111487,1
2508,vault_agent,Successfully processed request in 127ms | Status 200,staging,payment_service-0041,2026-06-12 08:23:27.112043,1
2509,vault_agent,Downstream service payment_service returned HTTP 503 | Retry budget exceeded,staging,payment_service-0041,2026-06-12 08:23:27.111850,3
2510,payment_container,Database connection pool utilization at 90% | Threshold: 80%,staging,payment_service-0041,2026-06-01 15:56:48.111953,2
2511,payment_container,Health check passed | Uptime: 410h | Memory stable,staging,payment_service-0041,2026-06-01 15:56:48.112294,1
2512,payment_container,Response time degradation detected: avg 4999ms over last 60s,staging,payment_service-0041,2026-06-01 15:56:48.111563,2
2513,payment_container,Database connection pool utilization at 85% | Threshold: 80%,staging,payment_service-0041,2026-06-01 15:56:48.112010,2
2514,payment_container,Successfully processed request in 90ms | Status 200,staging,payment_service-0041,2026-06-01 15:56:48.112116,1
2515,envoy_proxy,Health check passed | Uptime: 230h | Memory stable,production,api_gateway-3301,2026-06-06 04:50:14.111452,1
2516,envoy_proxy,Health check passed | Uptime: 56h | Memory stable,production,api_gateway-3301,2026-06-06 04:50:14.112118,1
2517,vault_agent,Health check passed | Uptime: 317h | Memory stable,staging,payment_service-0041,2026-05-07 00:09:36.112393,1
2518,vault_agent,Successfully processed request in 11ms | Status 200,staging,payment_service-0041,2026-05-07 00:09:36.111879,1
2519,api_gateway_container,Health check passed | Uptime: 689h | Memory stable,staging,api_gateway-0021,2026-06-03 09:16:18.112224,1
2520,api_gateway_container,Downstream service payment_service returned HTTP 503 | Retry budget exceeded,staging,api_gateway-0021,2026-06-03 09:16:18.112077,3
2521,api_gateway_container,Database connection pool utilization at 82% | Threshold: 80%,staging,api_gateway-0021,2026-06-03 09:16:18.111492,2
2522,api_gateway_container,Health check passed | Uptime: 323h | Memory stable,staging,api_gateway-0021,2026-06-03 09:16:18.111982,1
2523,api_gateway_container,Successfully processed request in 188ms | Status 200,staging,api_gateway-0021,2026-06-03 09:16:18.111454,1
2524,api_gateway_container,Database connection pool utilization at 81% | Threshold: 80%,staging,api_gateway-0021,2026-06-20 09:15:11.112287,2
2525,api_gateway_container,Database connection pool utilization at 90% | Threshold: 80%,staging,api_gateway-0021,2026-06-20 09:15:11.112276,2
2526,api_gateway_container,Successfully processed request in 68ms | Status 200,staging,api_gateway-0021,2026-06-20 09:15:11.111756,1
2527,api_gateway_container,Health check passed | Uptime: 689h | Memory stable,staging,api_gateway-0021,2026-06-20 09:15:11.111508,1
2528,api_gateway_container,Downstream service payment_service returned HTTP 503 | Retry budget exceeded,staging,api_gateway-0021,2026-06-20 09:15:11.111935,3
2529,vault_agent,Successfully processed request in 28ms | Status 200,staging,payment_service-0041,2026-05-26 03:59:40.111878,1
2530,vault_agent,Successfully processed request in 99ms | Status 200,staging,payment_service-0041,2026-05-26 03:59:40.111815,1
2531,vault_agent,Database connection pool utilization at 89% | Threshold: 80%,staging,payment_service-0041,2026-05-26 03:59:40.112373,2
2532,api_gateway_container,Database connection timeout after 26541ms | Pool exhausted,production,api_gateway-3301,2026-05-22 05:36:16.112379,3
2533,api_gateway_container,Downstream service payment_service returned HTTP 503 | Retry budget exceeded,production,api_gateway-3301,2026-05-22 05:36:16.111961,3
2534,api_gateway_container,Database connection pool utilization at 85% | Threshold: 80%,production,api_gateway-3301,2026-05-22 05:36:16.111835,2
2535,api_gateway_container,Successfully processed request in 163ms | Status 200,production,api_gateway-3301,2026-05-22 05:36:16.111437,1
2536,vault_agent,Downstream service payment_service returned HTTP 503 | Retry budget exceeded,staging,payment_service-0041,2026-05-23 21:30:36.111663,3
2537,vault_agent,Downstream service payment_service returned HTTP 503 | Retry budget exceeded,staging,payment_service-0041,2026-05-23 21:30:36.111488,3
2538,vault_agent,Successfully processed request in 47ms | Status 200,staging,payment_service-0041,2026-05-23 21:30:36.111546,1
2539,vault_agent,Health check passed | Uptime: 370h | Memory stable,staging,payment_service-0041,2026-05-23 21:30:36.111782,1
2540,payment_container,Downstream service payment_service returned HTTP 503 | Retry budget exceeded,staging,payment_service-0041,2026-06-29 21:24:06.111733,3
2541,payment_container,Database connection pool utilization at 94% | Threshold: 80%,staging,payment_service-0041,2026-06-29 21:24:06.112274,2
2542,api_gateway_container,Database connection pool utilization at 82% | Threshold: 80%,staging,api_gateway-0021,2026-06-11 19:22:28.112145,2
2543,api_gateway_container,Database connection pool utilization at 76% | Threshold: 80%,staging,api_gateway-0021,2026-06-11 19:22:28.111951,2
2544,api_gateway_container,Database connection pool utilization at 75% | Threshold: 80%,staging,api_gateway-0021,2026-06-11 19:22:28.111454,2
2545,api_gateway_container,Health check passed | Uptime: 652h | Memory stable,staging,api_gateway-0021,2026-06-11 19:22:28.112417,1
2546,api_gateway_container,Downstream service payment_service returned HTTP 503 | Retry budget exceeded,staging,api_gateway-0021,2026-06-11 19:22:28.111750,3
2547,api_gateway_container,Database connection pool utilization at 90% | Threshold: 80%,production,api_gateway-3301,2026-05-08 13:23:53.112118,2
2548,api_gateway_container,Database connection pool utilization at 86% | Threshold: 80%,production,api_gateway-3301,2026-05-08 13:23:53.111583,2
2549,api_gateway_container,Downstream service payment_service returned HTTP 503 | Retry budget exceeded,production,api_gateway-3301,2026-05-08 13:23:53.112047,3
2550,api_gateway_container,Downstream service payment_service returned HTTP 503 | Retry budget exceeded,production,api_gateway-3301,2026-05-08 13:23:53.112067,3
2551,api_gateway_container,Database connection pool utilization at 92% | Threshold: 80%,production,api_gateway-3301,2026-05-08 13:23:53.112127,2
2552,payment_container,Database connection timeout after 25438ms | Pool exhausted,production,payment_service-4401,2026-06-14 00:45:20.111830,3
2553,payment_container,Health check passed | Uptime: 106h | Memory stable,production,payment_service-4401,2026-06-14 00:45:20.112275,1
2554,payment_container,Database connection pool utilization at 85% | Threshold: 80%,production,payment_service-4401,2026-06-14 00:45:20.111924,2
2555,payment_container,Successfully processed request in 68ms | Status 200,staging,payment_service-0041,2026-06-29 15:41:56.111793,1
2556,payment_container,Successfully processed request in 174ms | Status 200,staging,payment_service-0041,2026-06-29 15:41:56.111538,1
2557,api_gateway_container,Downstream service payment_service returned HTTP 503 | Retry budget exceeded,staging,api_gateway-0021,2026-07-03 13:52:07.112192,3
2558,api_gateway_container,Database connection timeout after 4286ms | Pool exhausted,staging,api_gateway-0021,2026-07-03 13:52:07.112050,3
2559,api_gateway_container,Successfully processed request in 10ms | Status 200,staging,api_gateway-0021,2026-06-16 15:28:52.111616,1
2560,api_gateway_container,Successfully processed request in 114ms | Status 200,staging,api_gateway-0021,2026-06-16 15:28:52.112026,1
2561,api_gateway_container,Successfully processed request in 172ms | Status 200,staging,api_gateway-0021,2026-06-16 15:28:52.112380,1
2562,envoy_proxy,Database connection pool utilization at 76% | Threshold: 80%,production,api_gateway-3301,2026-06-09 19:28:30.112125,2
2563,envoy_proxy,Response time degradation detected: avg 4396ms over last 60s,production,api_gateway-3301,2026-06-09 19:28:30.112110,2
2564,envoy_proxy,Response time degradation detected: avg 4768ms over last 60s,production,api_gateway-3301,2026-06-09 19:28:30.111572,2
2565,envoy_proxy,Database connection pool utilization at 76% | Threshold: 80%,production,api_gateway-3301,2026-06-09 19:28:30.112211,2
2566,envoy_proxy,Health check passed | Uptime: 618h | Memory stable,production,api_gateway-3301,2026-06-09 19:28:30.112369,1
2567,api_gateway_container,Downstream service payment_service returned HTTP 503 | Retry budget exceeded,production,api_gateway-3301,2026-05-26 01:47:07.112166,3
2568,api_gateway_container,Successfully processed request in 159ms | Status 200,production,api_gateway-3301,2026-05-26 01:47:07.112123,1
2569,api_gateway_container,Database connection pool utilization at 77% | Threshold: 80%,production,api_gateway-3301,2026-05-26 01:47:07.112061,2
2570,api_gateway_container,Successfully processed request in 74ms | Status 200,staging,api_gateway-0021,2026-06-14 11:19:26.111555,1
2571,api_gateway_container,Database connection pool utilization at 93% | Threshold: 80%,staging,api_gateway-0021,2026-06-14 11:19:26.112077,2
2572,api_gateway_container,Response time degradation detected: avg 2852ms over last 60s,staging,api_gateway-0021,2026-06-14 11:19:26.111433,2
2573,api_gateway_container,Response time degradation detected: avg 1965ms over last 60s,staging,api_gateway-0021,2026-06-14 11:19:26.111485,2
2574,api_gateway_container,Downstream service payment_service returned HTTP 503 | Retry budget exceeded,staging,api_gateway-0021,2026-06-14 11:19:26.112261,3
2575,api_gateway_container,Database connection pool utilization at 84% | Threshold: 80%,staging,api_gateway-0021,2026-06-04 11:55:52.111490,2
2576,api_gateway_container,Health check passed | Uptime: 693h | Memory stable,staging,api_gateway-0021,2026-06-04 11:55:52.111842,1
2577,api_gateway_container,Response time degradation detected: avg 1637ms over last 60s,staging,api_gateway-0021,2026-06-04 11:55:52.111607,2
2578,api_gateway_container,Successfully processed request in 33ms | Status 200,staging,api_gateway-0021,2026-06-04 11:55:52.111734,1
2579,api_gateway_container,Database connection pool utilization at 79% | Threshold: 80%,staging,api_gateway-0021,2026-06-11 08:00:49.111655,2
2580,api_gateway_container,Downstream service payment_service returned HTTP 503 | Retry budget exceeded,staging,api_gateway-0021,2026-06-11 08:00:49.112350,3
2581,api_gateway_container,Downstream service payment_service returned HTTP 503 | Retry budget exceeded,staging,api_gateway-0021,2026-06-11 08:00:49.112367,3
2582,api_gateway_container,Successfully processed request in 173ms | Status 200,staging,api_gateway-0021,2026-06-11 08:00:49.111989,1
2583,vault_agent,Database connection pool utilization at 92% | Threshold: 80%,production,payment_service-4401,2026-06-28 05:51:35.111718,2
2584,vault_agent,Health check passed | Uptime: 626h | Memory stable,production,payment_service-4401,2026-06-28 05:51:35.111503,1
2585,vault_agent,Health check passed | Uptime: 664h | Memory stable,staging,payment_service-0041,2026-05-13 18:20:01.112385,1
2586,api_gateway_container,Health check passed | Uptime: 164h | Memory stable,production,api_gateway-3301,2026-05-12 04:31:08.112128,1
2587,api_gateway_container,Downstream service payment_service returned HTTP 503 | Retry budget exceeded,production,api_gateway-3301,2026-05-12 04:31:08.111444,3
2588,api_gateway_container,Database connection timeout after 11365ms | Pool exhausted,production,api_gateway-3301,2026-05-12 04:31:08.111507,3
